DATE,SERIES,OPEN,HIGH,LOW,PREV. CLOSE,LTP,CLOSE,VWAP,52W H,52W L,VOLUME,VALUE,NO OF TRADES,SYMBOL,Indicator_0,Indicator_1,Indicator_2,Indicator_3
2021-01-27,EQ,1468.0,1471.9,1406.15,1462.85,1411.25,1409.6,1437.02,1511.65,738.75,11778138,16925445420.15,308009,HDFCBANK,1471.9,1517.7450000000001,1471.9,1517.7450000000001
2021-01-28,EQ,1389.9,1401.3,1342.0,1409.6,1372.0,1371.45,1364.16,1511.65,738.75,21352223,29127886352.35,452148,HDFCBANK,1401.3,1534.96,1401.3,1534.96
2021-01-29,EQ,1391.35,1408.75,1364.5,1371.45,1391.0,1390.5,1388.21,1511.65,738.75,14352251,19923891702.85,358077,HDFCBANK,1408.75,1555.05,1408.75,1555.05
2021-02-01,EQ,1410.25,1482.5,1401.0,1390.5,1480.0,1476.75,1439.43,1511.65,738.75,13185272,18979231489.45,301952,HDFCBANK,1482.5,1574.1950000000002,1482.5,1574.1950000000002
2021-02-02,EQ,1501.0,1578.5,1497.4,1476.75,1560.5,1560.55,1556.51,1578.5,738.75,21210103,33013801640.0,416712,HDFCBANK,1578.5,1588.18,1578.5,1588.18
2021-02-03,EQ,1579.0,1581.7,1542.0,1560.55,1571.0,1574.8,1565.97,1581.7,738.75,10118627,15845498691.5,316129,HDFCBANK,1581.7,1594.7900000000002,1581.7,1594.7900000000002
2021-02-04,EQ,1566.0,1588.0,1543.45,1574.8,1574.0,1579.1,1568.3,1588.0,738.75,12242342,19199713046.35,307724,HDFCBANK,1588.0,1595.9600000000003,1588.0,1595.9600000000003
2021-02-05,EQ,1548.0,1618.25,1548.0,1579.1,1597.2,1597.6,1595.45,1618.25,738.75,13527358,21582228443.0,274934,HDFCBANK,1618.25,1593.48,1618.25,1593.48
2021-02-08,EQ,1620.0,1631.65,1595.7,1597.6,1609.0,1605.25,1614.56,1631.65,738.75,8723790,14085076073.3,228373,HDFCBANK,1631.65,1587.63,1631.65,1587.63
2021-02-09,EQ,1610.0,1628.0,1586.7,1605.25,1609.95,1611.85,1611.29,1631.65,738.75,9210683,14841062260.3,198426,HDFCBANK,1628.0,1581.9050000000002,1628.0,1581.9050000000002
2021-02-10,EQ,1608.35,1614.85,1567.0,1611.85,1592.5,1581.75,1592.85,1631.65,738.75,9894003,15759687718.6,229610,HDFCBANK,1614.85,1573.635,1614.85,1573.635
2021-02-11,EQ,1582.0,1597.8,1564.2,1581.75,1576.0,1572.35,1577.79,1631.65,738.75,6824309,10767295916.6,192335,HDFCBANK,1597.8,1576.105,1597.8,1576.105
2021-02-12,EQ,1573.9,1592.5,1573.0,1572.35,1589.55,1581.95,1584.36,1631.65,738.75,4955053,7850572958.05,164667,HDFCBANK,1592.5,1579.51,1592.5,1579.51
2021-02-15,EQ,1600.1,1625.0,1596.7,1581.95,1624.95,1616.6,1608.22,1631.65,738.75,5177622,8326776744.4,148039,HDFCBANK,1625.0,1574.7549999999999,1625.0,1574.7549999999999
2021-02-16,EQ,1621.2,1641.0,1608.45,1616.6,1625.5,1626.65,1625.28,1641.0,738.75,6948679,11293544900.15,180673,HDFCBANK,1641.0,1568.985,1641.0,1568.985
2021-02-17,EQ,1620.0,1621.8,1583.0,1626.65,1586.2,1586.5,1602.21,1641.0,738.75,6397213,10249658891.5,154614,HDFCBANK,1621.8,1563.1399999999999,1621.8,1563.1399999999999
2021-02-18,EQ,1605.95,1605.95,1548.0,1586.5,1559.0,1554.3,1570.9,1641.0,738.75,7360280,11562261540.35,260135,HDFCBANK,1605.95,1563.175,1605.95,1563.175
2021-02-19,EQ,1545.0,1564.2,1533.0,1554.3,1543.9,1539.1,1547.93,1641.0,738.75,8569754,13265355232.8,248392,HDFCBANK,1564.2,1562.95,1564.2,1562.95
2021-02-22,EQ,1545.05,1573.9,1539.45,1539.1,1542.0,1548.0,1557.44,1641.0,738.75,14725919,22934728117.95,299769,HDFCBANK,1573.9,1562.04,1573.9,1562.04
2021-02-23,EQ,1553.75,1557.7,1522.65,1548.0,1530.0,1529.15,1537.17,1641.0,738.75,9119953,14018955769.95,230064,HDFCBANK,1557.7,1559.19,1557.7,1559.19
2021-02-24,EQ,1526.5,1613.95,1516.25,1529.15,1612.0,1606.45,1561.95,1641.0,738.75,7157166,11179104534.25,144539,HDFCBANK,1613.95,1562.525,1613.95,1562.525
2021-02-25,EQ,1609.75,1636.25,1602.0,1606.45,1605.4,1606.4,1620.67,1641.0,738.75,10054785,16295464769.9,231264,HDFCBANK,1636.25,1557.455,1636.25,1557.455
2021-02-26,EQ,1587.05,1588.9,1521.0,1606.4,1537.45,1534.4,1543.86,1641.0,738.75,13956423,21546718494.6,397166,HDFCBANK,1588.9,1552.01,1588.9,1552.01
2021-03-01,EQ,1564.0,1572.55,1540.7,1534.4,1560.35,1558.9,1559.43,1641.0,738.75,6768009,10554225348.25,180747,HDFCBANK,1572.55,1551.435,1572.55,1551.435
2021-03-02,EQ,1575.7,1587.5,1551.0,1558.9,1573.0,1568.2,1569.86,1641.0,738.75,8055019,12645262470.8,188996,HDFCBANK,1587.5,1546.76,1587.5,1546.76
2021-03-03,EQ,1584.0,1596.0,1565.0,1568.2,1587.0,1586.85,1579.75,1641.0,738.75,5611205,8864314509.1,190986,HDFCBANK,1596.0,1539.475,1596.0,1539.475
2021-03-04,EQ,1548.55,1571.0,1539.1,1586.85,1553.0,1552.05,1552.34,1641.0,738.75,8145719,12644956162.75,220611,HDFCBANK,1571.0,1529.8899999999999,1571.0,1529.8899999999999
2021-03-05,EQ,1531.0,1545.6,1521.1,1552.05,1533.9,1530.0,1532.82,1641.0,738.75,8722911,13370624576.75,236265,HDFCBANK,1545.6,1524.435,1545.6,1524.435
2021-03-08,EQ,1542.0,1555.0,1512.5,1530.0,1522.0,1519.5,1530.38,1641.0,738.75,7558525,11567437062.0,202940,HDFCBANK,1555.0,1518.35,1555.0,1518.35
2021-03-09,EQ,1545.0,1565.7,1538.25,1519.5,1563.95,1562.5,1556.52,1641.0,738.75,7533348,11725810547.5,190281,HDFCBANK,1565.7,1516.415,1565.7,1516.415
2021-03-10,EQ,1572.0,1575.0,1552.15,1562.5,1556.5,1555.75,1559.83,1641.0,738.75,5527508,8621972797.4,170939,HDFCBANK,1575.0,1508.0449999999998,1575.0,1508.0449999999998
2021-03-12,EQ,1600.0,1600.0,1535.05,1555.75,1548.0,1551.95,1569.97,1641.0,738.75,7815602,12270253748.85,236912,HDFCBANK,1600.0,1498.8049999999998,1600.0,1498.8049999999998
2021-03-15,EQ,1548.4,1548.4,1515.3,1551.95,1530.35,1528.65,1525.05,1641.0,738.75,6115242,9326041068.75,169992,HDFCBANK,1548.4,1492.7399999999998,1548.4,1492.7399999999998
2021-03-16,EQ,1530.9,1540.4,1510.0,1528.65,1516.0,1512.15,1523.05,1641.0,738.75,6861183,10449909401.05,206602,HDFCBANK,1540.4,1495.245,1540.4,1495.245
2021-03-17,EQ,1524.25,1539.0,1490.2,1512.15,1492.2,1495.35,1514.12,1641.0,738.75,10532214,15947042105.9,227416,HDFCBANK,1539.0,1493.395,1539.0,1493.395
2021-03-18,EQ,1511.75,1522.05,1481.15,1495.35,1493.75,1491.0,1504.98,1641.0,738.75,9032770,13594097521.25,242311,HDFCBANK,1522.05,1492.5349999999999,1522.05,1492.5349999999999
2021-03-19,EQ,1485.0,1511.2,1474.05,1491.0,1492.0,1497.5,1487.08,1641.0,738.75,10617510,15789044661.05,258063,HDFCBANK,1511.2,1488.395,1511.2,1488.395
2021-03-22,EQ,1494.9,1494.9,1460.4,1497.5,1474.0,1469.15,1473.27,1641.0,738.75,7007816,10324419176.2,257662,HDFCBANK,1494.9,1482.6699999999998,1494.9,1482.6699999999998
2021-03-23,EQ,1470.0,1507.45,1469.1,1469.15,1505.65,1500.15,1487.07,1641.0,738.75,9880714,14693349487.35,275690,HDFCBANK,1507.45,1480.475,1507.45,1480.475
2021-03-24,EQ,1490.9,1506.45,1471.0,1500.15,1481.1,1478.8,1489.09,1641.0,738.75,8184450,12187419081.3,229246,HDFCBANK,1506.45,1473.74,1506.45,1473.74
2021-03-25,EQ,1490.2,1495.55,1450.25,1478.8,1468.0,1463.35,1468.53,1641.0,738.75,11982178,17596198111.75,371490,HDFCBANK,1495.55,1468.035,1495.55,1468.035
2021-03-26,EQ,1494.0,1499.0,1474.0,1463.35,1497.55,1491.3,1486.8,1641.0,738.75,6010629,8936579563.25,186603,HDFCBANK,1499.0,1458.405,1499.0,1458.405
2021-03-30,EQ,1506.65,1562.55,1501.55,1491.3,1548.8,1553.7,1537.72,1641.0,810.0,12804032,19689049326.9,229161,HDFCBANK,1562.55,1449.31,1562.55,1449.31
2021-03-31,EQ,1548.0,1548.0,1488.0,1553.7,1494.4,1493.65,1499.76,1641.0,810.0,15387253,23077192205.2,362409,HDFCBANK,1548.0,1436.95,1548.0,1436.95
2021-04-01,EQ,1499.4,1499.4,1465.0,1493.65,1492.5,1486.75,1480.53,1641.0,810.0,17881881,26474705849.45,338659,HDFCBANK,1499.4,1430.45,1499.4,1430.45
2021-04-05,EQ,1480.0,1485.0,1431.0,1486.75,1450.2,1449.6,1451.04,1641.0,826.1,8003293,11613125554.75,238305,HDFCBANK,1485.0,1423.0149999999999,1485.0,1423.0149999999999
2021-04-06,EQ,1460.0,1462.65,1432.65,1449.6,1442.0,1440.25,1444.46,1641.0,826.1,7537867,10888166737.05,215174,HDFCBANK,1462.65,1417.195,1462.65,1417.195
2021-04-07,EQ,1439.3,1456.7,1421.55,1440.25,1447.25,1447.2,1445.04,1641.0,826.1,12544090,18126686315.6,208801,HDFCBANK,1456.7,1415.4199999999998,1456.7,1415.4199999999998
2021-04-08,EQ,1453.0,1460.9,1430.5,1447.2,1434.0,1432.8,1445.54,1641.0,826.1,8806796,12730541278.95,223974,HDFCBANK,1460.9,1412.1149999999998,1460.9,1412.1149999999998
2021-04-09,EQ,1426.0,1432.8,1415.1,1432.8,1423.5,1421.75,1422.88,1641.0,826.1,14078908,20032618013.65,214798,HDFCBANK,1432.8,1409.3149999999998,1432.8,1409.3149999999998
2021-04-12,EQ,1393.0,1399.0,1353.0,1421.75,1375.2,1367.05,1374.47,1641.0,826.1,11274564,15496590803.5,406501,HDFCBANK,1399.0,1411.0099999999998,1399.0,1411.0099999999998
2021-04-13,EQ,1368.0,1406.45,1361.0,1367.05,1401.0,1400.35,1383.23,1641.0,826.1,9300341,12864536273.5,189809,HDFCBANK,1406.45,1421.985,1406.45,1421.985
2021-04-15,EQ,1405.0,1436.7,1391.0,1400.35,1434.25,1430.1,1410.25,1641.0,826.1,17222492,24287966847.35,317928,HDFCBANK,1436.7,1429.1999999999998,1436.7,1429.1999999999998
2021-04-16,EQ,1434.95,1445.0,1423.5,1430.1,1430.9,1428.65,1436.06,1641.0,826.1,7803263,11205942978.0,188460,HDFCBANK,1445.0,1427.4199999999996,1445.0,1427.4199999999996
2021-04-19,EQ,1390.0,1417.7,1372.3,1428.65,1412.6,1412.4,1393.68,1641.0,826.1,12034621,16772359445.0,325777,HDFCBANK,1417.7,1425.9999999999998,1417.7,1425.9999999999998
2021-04-20,EQ,1425.0,1426.4,1383.95,1412.4,1390.45,1391.4,1405.29,1641.0,826.1,11593135,16291706863.05,283993,HDFCBANK,1426.4,1423.5949999999998,1426.4,1423.5949999999998
2021-04-22,EQ,1380.0,1426.8,1371.05,1391.4,1421.0,1422.5,1393.28,1641.0,826.1,19242656,26810333683.2,320987,HDFCBANK,1426.8,1424.715,1426.8,1424.715
2021-04-23,EQ,1409.0,1434.6,1400.2,1422.5,1414.95,1414.15,1418.34,1641.0,826.1,11356764,16107781693.85,242760,HDFCBANK,1434.6,1422.5549999999998,1434.6,1422.5549999999998
2021-04-26,EQ,1413.0,1429.0,1402.75,1414.15,1407.55,1404.8,1413.19,1641.0,826.1,15085476,21318606947.85,291268,HDFCBANK,1429.0,1422.615,1429.0,1422.615
2021-04-27,EQ,1407.25,1442.0,1404.8,1404.8,1435.05,1438.7,1430.4,1641.0,826.1,10296453,14728096470.65,233200,HDFCBANK,1442.0,1424.1200000000001,1442.0,1424.1200000000001
2021-04-28,EQ,1436.25,1479.0,1431.0,1438.7,1475.0,1476.8,1463.19,1641.0,826.1,12051970,17634376658.6,197146,HDFCBANK,1479.0,1420.605,1479.0,1420.605
2021-04-29,EQ,1486.2,1503.65,1461.0,1476.8,1471.65,1472.5,1481.15,1641.0,826.1,12039276,17831960366.75,252296,HDFCBANK,1503.65,1412.875,1503.65,1412.875
2021-04-30,EQ,1445.0,1453.8,1407.5,1472.5,1412.9,1412.3,1421.13,1641.0,826.1,17616451,25035289801.25,447876,HDFCBANK,1453.8,1404.31,1453.8,1404.31
2021-05-03,EQ,1393.0,1421.9,1377.3,1412.3,1419.0,1414.45,1398.07,1641.0,826.1,11236850,15709945763.35,341238,HDFCBANK,1421.9,1407.105,1421.9,1407.105
2021-05-04,EQ,1409.95,1423.0,1383.3,1414.45,1390.6,1388.35,1403.8,1641.0,826.1,10743164,15081219692.0,263951,HDFCBANK,1423.0,1413.3300000000002,1423.0,1413.3300000000002
2021-05-05,EQ,1401.0,1409.6,1381.7,1388.35,1405.85,1402.6,1400.18,1641.0,826.1,7210806,10096392172.1,162134,HDFCBANK,1409.6,1420.315,1409.6,1420.315
2021-05-06,EQ,1407.6,1410.8,1395.0,1402.6,1403.4,1400.9,1403.34,1641.0,826.1,5738522,8053113106.3,136848,HDFCBANK,1410.8,1423.335,1410.8,1423.335
2021-05-07,EQ,1412.95,1424.95,1410.25,1400.9,1413.4,1414.75,1418.94,1641.0,826.1,6024167,8547958579.7,160474,HDFCBANK,1424.95,1432.975,1424.95,1432.975
2021-05-10,EQ,1427.0,1430.0,1412.8,1414.75,1423.0,1419.85,1419.86,1641.0,826.1,5530025,7851885465.25,156544,HDFCBANK,1430.0,1442.4950000000001,1430.0,1442.4950000000001
2021-05-11,EQ,1396.0,1424.2,1395.05,1419.85,1402.55,1403.55,1408.24,1641.0,826.1,7259517,10223121394.3,221164,HDFCBANK,1424.2,1448.4050000000002,1424.2,1448.4050000000002
2021-05-12,EQ,1399.75,1408.6,1388.85,1403.55,1399.05,1399.5,1398.25,1641.0,826.1,6887463,9630379958.0,189135,HDFCBANK,1408.6,1455.755,1408.6,1455.755
2021-05-14,EQ,1394.35,1398.9,1382.35,1399.5,1387.3,1386.85,1388.69,1641.0,826.1,5302071,7362947078.85,204439,HDFCBANK,1398.9,1464.0700000000002,1398.9,1464.0700000000002
2021-05-17,EQ,1395.15,1442.6,1381.3,1386.85,1439.0,1440.25,1421.89,1641.0,826.1,7560346,10749946504.2,232157,HDFCBANK,1442.6,1475.73,1442.6,1475.73
2021-05-18,EQ,1458.95,1482.75,1455.0,1440.25,1478.15,1476.7,1473.08,1641.0,826.1,11082640,16325627028.6,303758,HDFCBANK,1482.75,1483.2900000000002,1482.75,1483.2900000000002
2021-05-19,EQ,1470.2,1478.85,1452.55,1476.7,1459.1,1458.2,1463.16,1641.0,826.1,5065458,7411590231.2,130871,HDFCBANK,1478.85,1486.7900000000002,1478.85,1486.7900000000002
2021-05-20,EQ,1458.35,1465.9,1428.5,1458.2,1435.3,1432.8,1447.31,1641.0,826.1,5342092,7731637700.8,162817,HDFCBANK,1465.9,1491.3700000000001,1465.9,1491.3700000000001
2021-05-21,EQ,1443.0,1501.9,1443.0,1432.8,1501.3,1497.3,1477.34,1641.0,826.1,9670823,14287085746.8,234594,HDFCBANK,1501.9,1500.145,1501.9,1500.145
2021-05-24,EQ,1503.25,1520.45,1498.5,1497.3,1506.0,1509.95,1510.77,1641.0,848.75,11073051,16728812270.3,332858,HDFCBANK,1520.45,1500.5100000000002,1520.45,1500.5100000000002
2021-05-25,EQ,1510.5,1513.75,1470.5,1509.95,1481.0,1478.95,1483.97,1641.0,848.75,9618487,14273538928.15,263807,HDFCBANK,1513.75,1499.5000000000002,1513.75,1499.5000000000002
2021-05-26,EQ,1480.0,1487.0,1470.0,1478.95,1477.0,1477.05,1478.66,1641.0,848.75,6141995,9081927510.05,180525,HDFCBANK,1487.0,1499.91,1487.0,1499.91
2021-05-27,EQ,1473.1,1489.0,1462.45,1477.05,1483.8,1482.65,1471.96,1641.0,848.75,10219748,15043040015.15,209715,HDFCBANK,1489.0,1500.2350000000001,1489.0,1500.2350000000001
2021-05-28,EQ,1490.9,1513.0,1478.75,1482.65,1507.75,1503.45,1495.6,1641.0,848.75,8875010,13273437477.9,221597,HDFCBANK,1513.0,1500.075,1513.0,1500.075
2021-05-31,EQ,1500.0,1519.5,1487.5,1503.45,1513.0,1515.85,1507.21,1641.0,928.0,7830527,11802287069.65,205932,HDFCBANK,1519.5,1498.365,1519.5,1498.365
2021-06-01,EQ,1520.3,1527.0,1507.25,1515.85,1512.35,1511.7,1515.73,1641.0,928.0,5515081,8359376485.7,164990,HDFCBANK,1527.0,1494.725,1527.0,1494.725
2021-06-02,EQ,1510.0,1510.2,1493.0,1511.7,1505.05,1504.0,1500.01,1641.0,928.0,5312008,7968047689.75,119874,HDFCBANK,1510.2,1492.58,1510.2,1492.58
2021-06-03,EQ,1508.0,1524.95,1487.75,1504.0,1521.6,1520.55,1514.65,1641.0,928.0,5143630,7790780309.9,157719,HDFCBANK,1524.95,1490.6399999999999,1524.95,1490.6399999999999
2021-06-04,EQ,1516.0,1520.65,1499.2,1520.55,1503.65,1500.95,1507.74,1641.0,928.0,4712238,7104808087.1,179989,HDFCBANK,1520.65,1485.1950000000002,1520.65,1485.1950000000002
2021-06-07,EQ,1510.0,1514.0,1496.0,1500.95,1499.8,1499.85,1501.17,1641.0,928.0,4045834,6073488211.5,134014,HDFCBANK,1514.0,1483.08,1514.0,1483.08
2021-06-08,EQ,1496.55,1501.3,1481.5,1499.85,1483.0,1483.05,1486.98,1641.0,928.0,4936270,7340118763.8,174145,HDFCBANK,1501.3,1481.965,1501.3,1481.965
2021-06-09,EQ,1483.9,1502.0,1472.05,1483.05,1482.0,1480.3,1488.03,1641.0,928.0,5111721,7606416086.9,134064,HDFCBANK,1502.0,1482.04,1502.0,1482.04
2021-06-10,EQ,1482.1,1489.0,1473.65,1480.3,1483.0,1481.05,1479.96,1641.0,928.0,5741770,8497570554.5,165786,HDFCBANK,1489.0,1482.56,1489.0,1482.56
2021-06-11,EQ,1491.0,1496.55,1481.05,1481.05,1487.0,1486.35,1487.68,1641.0,928.0,3602987,5360093939.55,118634,HDFCBANK,1496.55,1485.0800000000002,1496.55,1485.0800000000002
2021-06-14,EQ,1478.25,1486.0,1462.55,1486.35,1480.0,1479.45,1474.22,1641.0,943.0,4440982,6546998199.95,147161,HDFCBANK,1486.0,1487.9550000000002,1486.0,1487.9550000000002
2021-06-15,EQ,1486.0,1496.0,1474.8,1479.45,1490.2,1490.25,1490.11,1641.0,943.0,3784801,5639758160.45,126209,HDFCBANK,1496.0,1490.845,1496.0,1490.845
2021-06-16,EQ,1488.0,1494.0,1478.1,1490.25,1485.8,1484.6,1484.76,1641.0,943.0,3851049,5717899444.3,140563,HDFCBANK,1494.0,1492.025,1494.0,1492.025
2021-06-17,EQ,1466.0,1478.75,1460.0,1484.6,1462.1,1466.1,1471.04,1641.0,943.0,4641901,6828422222.05,162372,HDFCBANK,1478.75,1493.355,1478.75,1493.355
2021-06-18,EQ,1469.5,1490.0,1455.0,1466.1,1488.0,1479.8,1470.56,1641.0,943.0,5969030,8777832377.5,176020,HDFCBANK,1490.0,1495.4199999999998,1490.0,1495.4199999999998
2021-06-21,EQ,1461.35,1491.8,1459.0,1479.8,1490.95,1488.7,1475.42,1641.0,993.0,3630236,5356108568.7,121439,HDFCBANK,1491.8,1495.48,1491.8,1495.48
2021-06-22,EQ,1497.0,1508.0,1480.0,1488.7,1481.85,1483.8,1496.02,1641.0,993.0,7183412,10746548095.35,176519,HDFCBANK,1508.0,1496.155,1508.0,1496.155
2021-06-23,EQ,1490.0,1497.8,1478.6,1483.8,1487.0,1485.5,1487.18,1641.0,993.0,3922434,5833378822.25,104106,HDFCBANK,1497.8,1501.2450000000001,1497.8,1501.2450000000001
2021-06-24,EQ,1490.0,1513.45,1488.0,1485.5,1506.05,1506.25,1502.25,1641.0,993.0,7392512,11105397440.3,161391,HDFCBANK,1513.45,1506.645,1513.45,1506.645
2021-06-25,EQ,1511.1,1522.0,1507.0,1506.25,1513.75,1515.1,1515.21,1641.0,993.0,5191588,7866353151.8,157842,HDFCBANK,1522.0,1508.065,1522.0,1508.065
2021-06-28,EQ,1520.0,1523.0,1505.0,1515.1,1512.0,1508.35,1510.42,1641.0,993.0,4678393,7066337440.2,97365,HDFCBANK,1523.0,1506.755,1523.0,1506.755
2021-06-29,EQ,1507.0,1508.2,1492.15,1508.35,1500.15,1502.05,1498.23,1641.0,993.0,5485846,8219041607.3,119595,HDFCBANK,1508.2,1504.6200000000001,1508.2,1504.6200000000001
2021-06-30,EQ,1498.0,1509.0,1494.1,1502.05,1497.0,1497.9,1501.04,1641.0,993.0,4839511,7264297159.95,113300,HDFCBANK,1509.0,1504.6000000000001,1509.0,1504.6000000000001
2021-07-01,EQ,1502.0,1502.0,1483.0,1497.9,1487.95,1486.75,1491.4,1641.0,993.0,8455721,12610824917.85,177593,HDFCBANK,1502.0,1504.7250000000001,1502.0,1504.7250000000001
2021-07-02,EQ,1485.0,1489.25,1477.0,1486.75,1482.5,1480.4,1482.69,1641.0,993.0,7413518,10991926075.4,175142,HDFCBANK,1489.25,1508.1200000000003,1489.25,1508.1200000000003
2021-07-05,EQ,1489.95,1504.5,1484.55,1480.4,1496.6,1495.45,1497.63,1641.0,993.0,3686941,5521683947.9,136148,HDFCBANK,1504.5,1512.3150000000003,1504.5,1512.3150000000003
2021-07-06,EQ,1497.0,1540.0,1496.0,1495.45,1531.95,1534.7,1527.06,1641.0,993.0,8834516,13490818207.25,222855,HDFCBANK,1540.0,1509.8700000000003,1540.0,1509.8700000000003
2021-07-07,EQ,1534.0,1545.35,1527.7,1534.7,1539.8,1539.5,1539.43,1641.0,993.0,4814595,7411730515.65,119316,HDFCBANK,1545.35,1500.7150000000001,1545.35,1500.7150000000001
2021-07-08,EQ,1525.0,1537.7,1513.45,1539.5,1521.0,1520.45,1526.35,1641.0,993.0,4210461,6426630345.65,137221,HDFCBANK,1537.7,1491.6350000000002,1537.7,1491.6350000000002
2021-07-09,EQ,1512.55,1516.0,1497.5,1520.45,1504.4,1502.0,1505.44,1641.0,993.0,5347921,8050952657.8,162723,HDFCBANK,1516.0,1483.8650000000002,1516.0,1483.8650000000002
2021-07-12,EQ,1502.0,1502.0,1484.0,1502.0,1487.3,1487.0,1492.97,1641.0,993.0,7229489,10793386505.9,160971,HDFCBANK,1502.0,1477.1200000000001,1502.0,1477.1200000000001
2021-07-13,EQ,1496.1,1506.1,1484.1,1487.0,1500.4,1501.85,1493.95,1641.0,993.0,9089071,13578589687.2,158600,HDFCBANK,1506.1,1472.395,1506.1,1472.395
2021-07-14,EQ,1497.5,1507.35,1491.1,1501.85,1498.0,1499.15,1500.22,1641.0,993.0,4894247,7342459151.85,114595,HDFCBANK,1507.35,1463.94,1507.35,1463.94
2021-07-15,EQ,1505.0,1526.75,1499.65,1499.15,1521.0,1520.7,1518.05,1641.0,993.0,5219401,7923304983.85,192039,HDFCBANK,1526.75,1455.85,1526.75,1455.85
2021-07-16,EQ,1527.95,1529.95,1518.8,1520.7,1522.3,1522.35,1524.21,1641.0,993.0,2585314,3940552739.25,86273,HDFCBANK,1529.95,1446.425,1529.95,1446.425
2021-07-19,EQ,1487.0,1488.85,1466.0,1522.35,1472.4,1471.0,1477.63,1641.0,993.0,12555800,18552779056.1,410524,HDFCBANK,1488.85,1436.455,1488.85,1436.455
2021-07-20,EQ,1442.0,1454.0,1436.15,1471.0,1444.0,1443.15,1443.36,1641.0,993.0,12087125,17446042345.6,329311,HDFCBANK,1454.0,1432.825,1454.0,1432.825
2021-07-22,EQ,1456.1,1468.5,1445.0,1443.15,1451.7,1448.7,1455.81,1641.0,993.0,6603557,9613492161.75,253822,HDFCBANK,1468.5,1435.04,1468.5,1435.04
2021-07-23,EQ,1451.5,1457.45,1435.3,1448.7,1443.0,1442.75,1445.22,1641.0,993.0,6563342,9485465854.05,265409,HDFCBANK,1457.45,1438.655,1457.45,1438.655
2021-07-26,EQ,1430.0,1444.0,1428.1,1442.75,1434.5,1434.55,1434.93,1641.0,993.0,6583583,9446965208.2,238911,HDFCBANK,1444.0,1443.645,1444.0,1443.645
2021-07-27,EQ,1436.1,1449.9,1436.1,1434.55,1441.5,1439.75,1443.44,1641.0,993.0,11200715,16167523312.4,205605,HDFCBANK,1449.9,1450.58,1449.9,1450.58
2021-07-28,EQ,1435.05,1438.7,1404.0,1439.75,1419.5,1417.3,1416.6,1641.0,993.0,10335171,14640820175.95,350925,HDFCBANK,1438.7,1457.37,1438.7,1457.37
2021-07-29,EQ,1428.25,1429.95,1413.3,1417.3,1421.75,1418.25,1422.4,1641.0,993.0,6851115,9745030008.9,174810,HDFCBANK,1429.95,1465.135,1429.95,1465.135
2021-07-30,EQ,1419.0,1431.75,1407.95,1418.25,1425.0,1426.45,1422.61,1641.0,993.0,5827744,8290619852.85,182078,HDFCBANK,1431.75,1473.45,1431.75,1473.45
2021-08-02,EQ,1435.0,1435.0,1416.25,1426.45,1423.8,1422.65,1425.88,1641.0,993.0,6629393,9452748883.15,239364,HDFCBANK,1435.0,1483.425,1435.0,1483.425
2021-08-03,EQ,1410.0,1439.9,1410.0,1422.65,1434.1,1434.7,1428.31,1641.0,993.0,6016560,8593528258.8,168518,HDFCBANK,1439.9,1494.22,1439.9,1494.22
2021-08-04,EQ,1441.0,1474.5,1440.0,1434.7,1465.5,1465.3,1462.94,1641.0,993.0,11026974,16131829092.8,294722,HDFCBANK,1474.5,1502.215,1474.5,1502.215
2021-08-05,EQ,1467.1,1507.05,1457.4,1465.3,1483.8,1484.85,1483.26,1641.0,993.0,9411204,13959295159.95,234822,HDFCBANK,1507.05,1506.9850000000001,1507.05,1506.9850000000001
2021-08-06,EQ,1483.55,1500.0,1474.0,1484.85,1493.7,1492.65,1490.45,1641.0,993.0,6669635,9940773286.65,127752,HDFCBANK,1500.0,1509.975,1500.0,1509.975
2021-08-09,EQ,1492.0,1507.35,1476.0,1492.65,1501.85,1503.9,1501.46,1641.0,1020.2,5499024,8256554642.95,123204,HDFCBANK,1507.35,1513.17,1507.35,1513.17
2021-08-10,EQ,1489.0,1519.75,1489.0,1503.9,1507.35,1507.65,1512.39,1641.0,1020.2,7419173,11220685566.1,207153,HDFCBANK,1519.75,1518.6650000000002,1519.75,1518.6650000000002
2021-08-11,EQ,1514.9,1518.85,1491.05,1507.65,1494.5,1494.95,1501.47,1641.0,1020.2,6292893,9448574027.3,236089,HDFCBANK,1518.85,1523.64,1518.85,1523.64
2021-08-12,EQ,1497.0,1507.6,1489.3,1494.95,1504.0,1501.4,1498.68,1641.0,1020.2,4298837,6442566924.55,118442,HDFCBANK,1507.6,1529.625,1507.6,1529.625
2021-08-13,EQ,1501.2,1531.0,1501.0,1501.4,1523.6,1526.2,1521.44,1641.0,1020.2,8329214,12672363672.35,200611,HDFCBANK,1531.0,1534.3300000000002,1531.0,1534.3300000000002
2021-08-16,EQ,1526.15,1535.0,1521.45,1526.2,1529.0,1530.6,1529.96,1641.0,1020.2,3126389,4783241013.45,134405,HDFCBANK,1535.0,1538.535,1535.0,1538.535
2021-08-17,EQ,1517.2,1524.0,1505.3,1530.6,1516.0,1514.65,1513.95,1641.0,1020.2,4141333,6269763890.2,163880,HDFCBANK,1524.0,1543.615,1524.0,1543.615
2021-08-18,EQ,1556.7,1565.35,1508.35,1514.65,1511.5,1513.0,1538.32,1641.0,1020.2,11492966,17679859685.55,275951,HDFCBANK,1565.35,1550.06,1565.35,1550.06
2021-08-20,EQ,1486.05,1519.8,1486.05,1513.0,1514.25,1514.75,1505.48,1641.0,1020.2,6575203,9898814016.9,241660,HDFCBANK,1519.8,1557.66,1519.8,1557.66
2021-08-23,EQ,1529.85,1533.15,1508.65,1514.75,1522.9,1524.6,1521.21,1641.0,1025.0,5421527,8247298230.75,149392,HDFCBANK,1533.15,1563.79,1533.15,1563.79
2021-08-24,EQ,1530.0,1564.5,1527.45,1524.6,1558.0,1558.85,1550.18,1641.0,1025.0,9190657,14247197594.25,214219,HDFCBANK,1564.5,1567.9,1564.5,1567.9
2021-08-25,EQ,1552.1,1564.8,1548.0,1558.85,1555.25,1557.4,1556.63,1641.0,1025.0,3863987,6014797348.15,128323,HDFCBANK,1564.8,1568.94,1564.8,1568.94
2021-08-26,EQ,1550.0,1571.0,1543.45,1557.4,1555.1,1554.8,1559.33,1641.0,1025.0,5559501,8669123592.15,200243,HDFCBANK,1571.0,1570.84,1571.0,1570.84
2021-08-27,EQ,1552.0,1558.65,1545.25,1554.8,1548.7,1548.45,1551.03,1641.0,1025.0,3191069,4949459160.2,117093,HDFCBANK,1558.65,1572.22,1558.65,1572.22
2021-08-30,EQ,1555.6,1570.0,1551.6,1548.45,1569.0,1568.25,1563.22,1641.0,1025.0,4524583,7072924768.4,115034,HDFCBANK,1570.0,1572.9299999999998,1570.0,1572.9299999999998
2021-08-31,EQ,1563.5,1583.35,1562.2,1568.25,1580.85,1581.4,1576.28,1641.0,1025.0,6031288,9506985062.7,203147,HDFCBANK,1583.35,1570.9599999999998,1583.35,1570.9599999999998
2021-09-01,EQ,1575.0,1598.0,1574.5,1581.4,1575.0,1579.1,1586.67,1641.0,1025.0,6211279,9855273405.65,230930,HDFCBANK,1598.0,1567.4999999999998,1598.0,1567.4999999999998
2021-09-02,EQ,1574.1,1592.0,1571.25,1579.1,1589.7,1589.0,1583.1,1641.0,1025.0,4809262,7613544239.0,173323,HDFCBANK,1592.0,1565.5849999999998,1592.0,1565.5849999999998
2021-09-03,EQ,1586.1,1598.0,1568.3,1589.0,1576.55,1576.05,1582.31,1641.0,1025.0,5367667,8493328640.9,200088,HDFCBANK,1598.0,1564.8999999999999,1598.0,1564.8999999999999
2021-09-06,EQ,1579.95,1580.95,1561.95,1576.05,1565.0,1565.7,1569.45,1641.0,1025.0,3938448,6181191132.55,166678,HDFCBANK,1580.95,1563.28,1580.95,1563.28
2021-09-07,EQ,1562.5,1582.0,1555.2,1565.7,1570.0,1569.25,1569.81,1641.0,1025.0,3622748,5687030982.25,174293,HDFCBANK,1582.0,1561.905,1582.0,1561.905
2021-09-08,EQ,1571.95,1580.5,1565.6,1569.25,1580.0,1576.4,1574.47,1641.0,1025.0,3362040,5293425818.35,102369,HDFCBANK,1580.5,1558.35,1580.5,1558.35
2021-09-09,EQ,1574.0,1579.45,1561.0,1576.4,1567.0,1568.6,1567.83,1641.0,1025.0,4125474,6468028137.75,115424,HDFCBANK,1579.45,1557.71,1579.45,1557.71
2021-09-13,EQ,1562.0,1584.0,1553.65,1568.6,1555.75,1555.55,1560.43,1641.0,1025.0,4479582,6990094956.85,162851,HDFCBANK,1584.0,1561.0049999999999,1584.0,1561.0049999999999
2021-09-14,EQ,1560.0,1564.5,1546.6,1555.55,1550.0,1548.55,1552.26,1641.0,1025.0,4879253,7573882023.65,152737,HDFCBANK,1564.5,1567.96,1564.5,1567.96
2021-09-15,EQ,1535.0,1554.8,1535.0,1548.55,1546.75,1546.8,1543.76,1641.0,1025.0,7411499,11441551323.5,196864,HDFCBANK,1554.8,1574.6100000000001,1554.8,1574.6100000000001
2021-09-16,EQ,1537.75,1564.3,1536.3,1546.8,1561.0,1559.95,1551.38,1641.0,1025.0,5130275,7958996358.25,158542,HDFCBANK,1564.3,1579.315,1564.3,1579.315
2021-09-17,EQ,1569.0,1589.0,1559.2,1559.95,1585.55,1582.15,1576.23,1641.0,1025.0,10249051,16154811176.7,203624,HDFCBANK,1589.0,1582.815,1589.0,1582.815
2021-09-20,EQ,1564.0,1581.7,1558.0,1582.15,1559.75,1559.85,1569.06,1641.0,1025.0,4390805,6889437483.3,144006,HDFCBANK,1581.7,1582.8700000000003,1581.7,1582.8700000000003
2021-09-21,EQ,1562.0,1568.65,1528.95,1559.85,1553.5,1551.95,1544.53,1641.0,1025.0,7387498,11410202963.4,162406,HDFCBANK,1568.65,1585.4600000000003,1568.65,1585.4600000000003
2021-09-22,EQ,1549.0,1550.15,1530.0,1551.95,1536.05,1533.7,1536.98,1641.0,1025.0,5291101,8132332795.9,204046,HDFCBANK,1550.15,1589.8100000000002,1550.15,1589.8100000000002
2021-09-23,EQ,1542.0,1572.0,1542.0,1533.7,1571.6,1570.0,1561.26,1641.0,1025.0,6832152,10666787042.0,221318,HDFCBANK,1572.0,1597.93,1572.0,1597.93
2021-09-24,EQ,1579.0,1607.95,1575.0,1570.0,1599.5,1601.55,1593.03,1641.0,1025.0,10403351,16572894842.45,285125,HDFCBANK,1607.95,1601.98,1607.95,1601.98
2021-09-27,EQ,1615.7,1635.5,1608.0,1601.55,1625.0,1625.1,1626.52,1641.0,1042.65,8207731,13350052031.55,245375,HDFCBANK,1635.5,1602.0900000000001,1635.5,1602.0900000000001
2021-09-28,EQ,1632.0,1632.0,1582.0,1625.1,1606.8,1615.05,1605.07,1641.0,1042.65,6386895,10251417507.15,193041,HDFCBANK,1632.0,1602.96,1632.0,1602.96
2021-09-29,EQ,1597.0,1606.6,1585.15,1615.05,1594.85,1593.85,1595.02,1641.0,1042.65,8131518,12969942389.35,180383,HDFCBANK,1606.6,1604.4150000000002,1606.6,1604.4150000000002
2021-09-30,EQ,1586.0,1606.35,1583.1,1593.85,1592.85,1594.95,1594.87,1641.0,1042.65,7987674,12739278381.65,216914,HDFCBANK,1606.35,1608.97,1606.35,1608.97
2021-10-01,EQ,1583.0,1589.0,1565.25,1594.95,1585.65,1582.7,1577.48,1641.0,1042.65,5564298,8777582941.65,145318,HDFCBANK,1589.0,1618.215,1589.0,1618.215
2021-10-04,EQ,1589.0,1601.35,1583.6,1582.7,1588.0,1585.75,1591.34,1641.0,1111.0,3525514,5610300755.65,141789,HDFCBANK,1601.35,1626.975,1601.35,1626.975
2021-10-05,EQ,1592.0,1597.5,1576.25,1585.75,1593.8,1595.45,1589.01,1641.0,1111.0,5128589,8149378134.45,154894,HDFCBANK,1597.5,1637.27,1597.5,1637.27
2021-10-06,EQ,1596.0,1626.85,1587.0,1595.45,1613.0,1614.9,1614.91,1641.0,1111.0,9300415,15019364575.35,198719,HDFCBANK,1626.85,1645.11,1626.85,1645.11
2021-10-07,EQ,1626.6,1627.7,1607.0,1614.9,1610.4,1610.5,1617.47,1641.0,1111.0,5632862,9110970657.3,179258,HDFCBANK,1627.7,1651.2499999999995,1627.7,1651.2499999999995
2021-10-08,EQ,1612.0,1622.0,1600.15,1610.5,1607.0,1602.65,1612.01,1641.0,1111.0,3622781,5839965046.25,180918,HDFCBANK,1622.0,1658.2749999999996,1622.0,1658.2749999999996
2021-10-11,EQ,1599.9,1645.0,1599.0,1602.65,1633.1,1633.8,1631.24,1645.0,1164.0,6540424,10669009659.45,199109,HDFCBANK,1645.0,1663.7099999999996,1645.0,1663.7099999999996
2021-10-12,EQ,1625.0,1641.55,1625.0,1633.8,1630.0,1629.6,1632.78,1645.0,1164.0,4088473,6675577153.9,127205,HDFCBANK,1641.55,1665.6049999999996,1641.55,1665.6049999999996
2021-10-13,EQ,1637.0,1648.0,1630.0,1629.6,1637.0,1639.4,1638.14,1648.0,1164.0,3112822,5099233631.5,121391,HDFCBANK,1648.0,1666.9249999999997,1648.0,1666.9249999999997
2021-10-14,EQ,1638.0,1690.0,1638.0,1639.4,1687.0,1687.4,1668.19,1690.0,1164.0,7378644,12308970465.55,218094,HDFCBANK,1690.0,1662.3449999999998,1690.0,1662.3449999999998
2021-10-18,EQ,1705.0,1725.0,1667.05,1687.4,1674.5,1670.3,1690.0,1725.0,1176.35,14428228,24383700241.85,413049,HDFCBANK,1725.0,1651.8899999999999,1725.0,1651.8899999999999
2021-10-19,EQ,1675.45,1692.45,1671.0,1670.3,1687.6,1688.7,1685.37,1725.0,1176.35,4493770,7573646982.9,146669,HDFCBANK,1692.45,1645.3899999999999,1692.45,1645.3899999999999
2021-10-20,EQ,1689.1,1698.75,1664.45,1688.7,1675.6,1673.85,1676.16,1725.0,1176.35,5454284,9142241514.6,187374,HDFCBANK,1698.75,1637.1949999999997,1698.75,1637.1949999999997
2021-10-21,EQ,1671.8,1681.95,1660.85,1673.85,1680.0,1676.3,1672.14,1725.0,1176.35,4869095,8141831326.95,181241,HDFCBANK,1681.95,1627.9549999999997,1681.95,1627.9549999999997
2021-10-22,EQ,1680.1,1708.0,1670.75,1676.3,1683.0,1680.75,1692.82,1725.0,1176.35,6087777,10305520528.65,173531,HDFCBANK,1708.0,1619.7199999999998,1708.0,1619.7199999999998
2021-10-25,EQ,1690.0,1690.0,1613.8,1680.75,1657.3,1657.0,1654.95,1725.0,1176.35,8213383,13592747672.7,230480,HDFCBANK,1690.0,1611.6699999999998,1690.0,1611.6699999999998
2021-10-26,EQ,1650.0,1673.85,1646.35,1657.0,1655.45,1652.75,1656.8,1725.0,1176.35,6045328,10015873516.45,167665,HDFCBANK,1673.85,1603.195,1673.85,1603.195
2021-10-27,EQ,1652.75,1665.05,1637.3,1652.75,1642.7,1642.8,1649.62,1725.0,1176.35,6624821,10928433828.3,159662,HDFCBANK,1665.05,1593.445,1665.05,1593.445
2021-10-28,EQ,1650.0,1650.0,1587.15,1642.8,1592.4,1593.6,1617.53,1725.0,1176.35,8898875,14394211074.4,197678,HDFCBANK,1650.0,1583.995,1650.0,1583.995
2021-10-29,EQ,1590.0,1602.0,1560.0,1593.6,1587.9,1582.85,1584.16,1725.0,1176.35,6203437,9827217126.8,187391,HDFCBANK,1602.0,1579.935,1602.0,1579.935
2021-11-01,EQ,1585.0,1611.0,1583.55,1582.85,1609.0,1605.3,1594.91,1725.0,1177.5,4061160,6477168351.5,154509,HDFCBANK,1611.0,1577.3749999999998,1611.0,1577.3749999999998
2021-11-02,EQ,1606.0,1622.0,1600.05,1605.3,1605.0,1606.75,1610.07,1725.0,1177.5,6618861,10656813765.4,190992,HDFCBANK,1622.0,1571.645,1622.0,1571.645
2021-11-03,EQ,1605.1,1609.9,1575.55,1606.75,1582.0,1581.45,1596.24,1725.0,1177.5,5103669,8146688582.9,171297,HDFCBANK,1609.9,1564.0499999999997,1609.9,1564.0499999999997
2021-11-04,EQ,1595.0,1597.85,1590.1,1581.45,1595.2,1593.95,1594.17,1725.0,1177.5,548404,874247081.1,41400,HDFCBANK,1597.85,1559.8449999999998,1597.85,1559.8449999999998
2021-11-08,EQ,1592.1,1604.7,1570.45,1593.95,1600.0,1600.25,1586.02,1725.0,1315.2,9471790,15022453102.5,201396,HDFCBANK,1604.7,1551.9849999999997,1604.7,1551.9849999999997
2021-11-09,EQ,1594.6,1594.6,1569.05,1600.25,1573.0,1572.25,1576.98,1725.0,1315.2,6347738,10010275270.5,240815,HDFCBANK,1594.6,1543.5149999999996,1594.6,1543.5149999999996
2021-11-10,EQ,1568.0,1569.0,1550.0,1572.25,1555.0,1555.25,1556.97,1725.0,1315.2,6857063,10676261141.35,233747,HDFCBANK,1569.0,1538.0949999999996,1569.0,1538.0949999999996
2021-11-11,EQ,1550.05,1554.9,1535.6,1555.25,1549.6,1548.3,1543.95,1725.0,1315.2,3999702,6175323288.3,157896,HDFCBANK,1554.9,1535.1649999999995,1554.9,1535.1649999999995
2021-11-12,EQ,1550.0,1559.05,1545.05,1548.3,1554.45,1553.0,1551.65,1725.0,1315.2,7457046,11570722042.8,170825,HDFCBANK,1559.05,1529.3249999999996,1559.05,1529.3249999999996
2021-11-15,EQ,1562.1,1571.85,1554.4,1553.0,1555.0,1557.25,1561.48,1725.0,1342.0,4766797,7443240911.85,231105,HDFCBANK,1571.85,1524.1499999999996,1571.85,1524.1499999999996
2021-11-16,EQ,1555.0,1557.2,1541.6,1557.25,1547.55,1548.0,1548.02,1725.0,1342.0,4122703,6382046601.15,139578,HDFCBANK,1557.2,1517.7799999999995,1557.2,1517.7799999999995
2021-11-17,EQ,1536.9,1544.0,1528.5,1548.0,1531.2,1530.8,1535.47,1725.0,1342.0,3799439,5833910234.85,145953,HDFCBANK,1544.0,1513.4449999999995,1544.0,1513.4449999999995
2021-11-18,EQ,1526.05,1543.5,1525.25,1530.8,1538.5,1539.4,1536.6,1725.0,1342.0,4576437,7032168198.55,181690,HDFCBANK,1543.5,1512.9399999999996,1543.5,1512.9399999999996
2021-11-22,EQ,1546.0,1552.7,1499.05,1539.4,1520.95,1515.35,1524.17,1725.0,1342.0,7630636,11630387262.15,222669,HDFCBANK,1552.7,1510.3549999999996,1552.7,1510.3549999999996
2021-11-23,EQ,1502.0,1527.8,1496.35,1515.35,1517.0,1515.55,1517.4,1725.0,1342.0,5617607,8524161069.85,164898,HDFCBANK,1527.8,1509.1999999999994,1527.8,1509.1999999999994
2021-11-24,EQ,1524.0,1536.35,1514.05,1515.55,1516.95,1518.05,1524.49,1725.0,1342.0,15401143,23478856200.4,141801,HDFCBANK,1536.35,1510.2149999999997,1536.35,1510.2149999999997
2021-11-25,EQ,1514.8,1533.3,1507.0,1518.05,1522.8,1525.95,1518.57,1725.0,1342.0,5125826,7783949039.15,138468,HDFCBANK,1533.3,1513.7899999999995,1533.3,1513.7899999999995
2021-11-26,EQ,1500.0,1506.7,1485.0,1525.95,1489.5,1489.9,1497.04,1725.0,1342.0,9312468,13941134793.15,250716,HDFCBANK,1506.7,1513.8799999999997,1506.7,1513.8799999999997
2021-11-29,EQ,1494.8,1507.65,1462.0,1489.9,1499.05,1501.25,1489.0,1725.0,1342.0,6495498,9671797937.9,202157,HDFCBANK,1507.65,1517.1449999999995,1507.65,1517.1449999999995
2021-11-30,EQ,1495.0,1529.0,1486.55,1501.25,1490.8,1493.55,1508.6,1725.0,1342.0,12610771,19024641550.1,257120,HDFCBANK,1529.0,1518.1349999999995,1529.0,1518.1349999999995
2021-12-01,EQ,1495.0,1507.05,1489.1,1493.55,1506.4,1504.65,1500.08,1725.0,1342.0,4338817,6508562416.95,162233,HDFCBANK,1507.05,1519.0249999999996,1507.05,1519.0249999999996
2021-12-02,EQ,1504.5,1528.8,1500.0,1504.65,1526.0,1525.75,1519.11,1725.0,1342.0,5601555,8509395043.85,187845,HDFCBANK,1528.8,1518.5599999999997,1528.8,1518.5599999999997
2021-12-03,EQ,1525.8,1535.95,1507.05,1525.75,1514.0,1513.55,1522.48,1725.0,1342.0,4062347,6184845154.85,143318,HDFCBANK,1535.95,1515.9949999999997,1535.95,1515.9949999999997
2021-12-06,EQ,1513.0,1518.8,1497.35,1513.55,1504.7,1503.8,1507.25,1725.0,1342.0,3514766,5297635143.4,141743,HDFCBANK,1518.8,1511.9449999999997,1518.8,1511.9449999999997
2021-12-07,EQ,1513.95,1532.0,1509.9,1503.8,1524.65,1525.7,1523.82,1725.0,1342.0,6213767,9468635108.15,148533,HDFCBANK,1532.0,1504.1299999999997,1532.0,1504.1299999999997
2021-12-08,EQ,1536.0,1555.05,1534.0,1525.7,1553.5,1553.8,1545.2,1725.0,1342.0,7647767,11817305888.55,229215,HDFCBANK,1555.05,1495.7399999999996,1555.05,1495.7399999999996
2021-12-09,EQ,1545.2,1554.7,1522.0,1553.8,1526.0,1526.85,1530.57,1725.0,1342.0,5873872,8990397300.15,148558,HDFCBANK,1554.7,1484.8799999999997,1554.7,1484.8799999999997
2021-12-10,EQ,1524.9,1528.0,1508.45,1526.85,1524.0,1522.55,1521.33,1725.0,1342.0,3889692,5917512516.45,123564,HDFCBANK,1528.0,1476.6049999999998,1528.0,1476.6049999999998
2021-12-13,EQ,1526.0,1537.65,1507.2,1522.55,1513.2,1511.15,1523.63,1725.0,1342.0,5161071,7863562721.05,143473,HDFCBANK,1537.65,1468.2399999999998,1537.65,1468.2399999999998
2021-12-14,EQ,1502.5,1516.0,1497.05,1511.15,1504.0,1502.45,1505.1,1725.0,1342.0,4595550,6916756665.4,175566,HDFCBANK,1516.0,1462.2049999999997,1516.0,1462.2049999999997
2021-12-15,EQ,1503.0,1523.35,1495.65,1502.45,1500.0,1500.0,1504.12,1725.0,1342.0,5057574,7607173782.9,133205,HDFCBANK,1523.35,1458.0399999999995,1523.35,1458.0399999999995
2021-12-16,EQ,1512.8,1517.0,1494.0,1500.0,1503.35,1500.1,1505.13,1725.0,1342.0,6605216,9941739913.65,179348,HDFCBANK,1517.0,1453.4249999999997,1517.0,1453.4249999999997
2021-12-17,EQ,1497.0,1506.0,1467.7,1500.1,1476.0,1473.05,1479.06,1725.0,1342.0,7497384,11089043997.5,194713,HDFCBANK,1506.0,1449.5649999999996,1506.0,1449.5649999999996
2021-12-20,EQ,1452.0,1458.0,1414.1,1473.05,1424.5,1425.65,1426.64,1725.0,1342.0,10578334,15091475327.05,411439,HDFCBANK,1458.0,1450.1999999999996,1458.0,1450.1999999999996
2021-12-21,EQ,1439.5,1450.75,1430.0,1425.65,1444.65,1441.8,1441.88,1725.0,1342.0,4559375,6574078457.0,171631,HDFCBANK,1450.75,1459.5999999999997,1450.75,1459.5999999999997
2021-12-22,EQ,1452.3,1456.0,1435.7,1441.8,1447.5,1445.2,1443.59,1725.0,1342.0,4288742,6191198173.75,167203,HDFCBANK,1456.0,1468.2749999999996,1456.0,1468.2749999999996
2021-12-23,EQ,1453.25,1457.8,1436.85,1445.2,1438.7,1444.1,1449.12,1725.0,1342.0,4889583,7085601869.05,162623,HDFCBANK,1457.8,1480.2399999999996,1457.8,1480.2399999999996
2021-12-24,EQ,1445.5,1452.0,1428.0,1444.1,1439.45,1438.9,1438.31,1725.0,1342.0,2780512,3999233572.85,110788,HDFCBANK,1452.0,1489.8049999999996,1452.0,1489.8049999999996
2021-12-27,EQ,1428.9,1454.0,1422.15,1438.9,1453.0,1450.8,1440.89,1725.0,1342.0,2352549,3389765991.15,102204,HDFCBANK,1454.0,1500.9699999999996,1454.0,1500.9699999999996
2021-12-28,EQ,1460.7,1466.9,1453.4,1450.8,1460.95,1460.8,1460.32,1725.0,1342.0,2725339,3979861736.65,115091,HDFCBANK,1466.9,1511.8049999999996,1466.9,1511.8049999999996
2021-12-29,EQ,1456.05,1461.0,1447.4,1460.8,1451.0,1453.85,1455.12,1725.0,1342.0,3834351,5579443240.75,114258,HDFCBANK,1461.0,1522.3149999999996,1461.0,1522.3149999999996
2021-12-30,EQ,1458.5,1466.85,1445.0,1453.85,1464.0,1461.5,1459.33,1725.0,1342.0,3607959,5265199026.3,97583,HDFCBANK,1466.85,1532.5949999999996,1466.85,1532.5949999999996
2021-12-31,EQ,1461.5,1484.8,1461.5,1461.5,1481.0,1479.4,1478.42,1725.0,1342.0,3162868,4676036651.65,123205,HDFCBANK,1484.8,1539.2449999999994,1484.8,1539.2449999999994
2022-01-03,EQ,1485.0,1523.0,1480.5,1479.4,1519.8,1519.65,1507.81,1725.0,1342.0,4534592,6837317353.95,149449,HDFCBANK,1523.0,1545.8199999999995,1523.0,1545.8199999999995
2022-01-04,EQ,1520.0,1532.9,1507.8,1519.65,1528.05,1528.55,1521.68,1725.0,1342.0,4428676,6739031718.85,134455,HDFCBANK,1532.9,1546.0049999999997,1532.9,1546.0049999999997
2022-01-05,EQ,1536.8,1572.0,1528.1,1528.55,1562.1,1564.85,1554.91,1725.0,1342.0,7166319,11142988763.2,208851,HDFCBANK,1572.0,1546.0749999999996,1572.0,1546.0749999999996
2022-01-06,EQ,1543.0,1554.75,1530.05,1564.85,1540.0,1539.75,1540.71,1725.0,1342.0,4814465,7417694108.65,143958,HDFCBANK,1554.75,1541.4349999999997,1554.75,1541.4349999999997
2022-01-07,EQ,1544.0,1566.75,1535.9,1539.75,1552.75,1550.55,1552.05,1725.0,1342.0,5589692,8675465609.4,166966,HDFCBANK,1566.75,1538.3599999999997,1566.75,1538.3599999999997
2022-01-10,EQ,1558.0,1572.0,1545.5,1550.55,1561.0,1559.15,1556.89,1725.0,1342.0,4428248,6894310964.25,159643,HDFCBANK,1572.0,1535.4649999999997,1572.0,1535.4649999999997
2022-01-11,EQ,1561.55,1568.7,1547.8,1559.15,1566.0,1565.9,1558.68,1725.0,1342.0,4194599,6538055144.4,166520,HDFCBANK,1568.7,1528.2149999999997,1568.7,1528.2149999999997
2022-01-12,EQ,1568.0,1576.65,1552.0,1565.9,1556.15,1556.65,1564.75,1725.0,1342.0,10542765,16496787237.55,239760,HDFCBANK,1576.65,1520.4299999999998,1576.65,1520.4299999999998
2022-01-13,EQ,1555.0,1555.0,1520.4,1556.65,1529.0,1528.0,1532.69,1725.0,1342.0,20981948,32158717522.45,259715,HDFCBANK,1555.0,1512.2599999999998,1555.0,1512.2599999999998
2022-01-14,EQ,1530.0,1548.7,1519.0,1528.0,1543.8,1545.15,1535.22,1725.0,1342.0,5604484,8604102722.25,149071,HDFCBANK,1548.7,1505.7849999999999,1548.7,1505.7849999999999
2022-01-17,EQ,1530.0,1556.0,1519.15,1545.15,1523.5,1521.5,1530.58,1725.0,1342.0,11494686,17593533649.05,294100,HDFCBANK,1556.0,1499.84,1556.0,1499.84
2022-01-18,EQ,1533.0,1550.9,1523.0,1521.5,1528.1,1529.25,1536.97,1725.0,1342.0,6170576,9483960773.9,202364,HDFCBANK,1550.9,1497.3899999999999,1550.9,1497.3899999999999
2022-01-19,EQ,1534.0,1539.75,1513.35,1529.25,1519.1,1518.45,1525.22,1725.0,1342.0,7158813,10918735959.45,227709,HDFCBANK,1539.75,1497.585,1539.75,1497.585
2022-01-20,EQ,1528.45,1528.5,1500.1,1518.45,1512.0,1509.0,1512.74,1725.0,1342.0,7598923,11495222004.6,187879,HDFCBANK,1528.5,1497.275,1528.5,1497.275
2022-01-21,EQ,1500.0,1529.8,1485.6,1509.0,1527.7,1521.6,1509.69,1725.0,1342.0,5768847,8709164177.35,184858,HDFCBANK,1529.8,1498.775,1529.8,1498.775
2022-01-24,EQ,1509.95,1521.25,1467.55,1521.6,1484.6,1486.65,1493.6,1725.0,1342.0,5934254,8863401561.75,211145,HDFCBANK,1521.25,1493.4299999999998,1521.25,1493.4299999999998
2022-01-25,EQ,1458.65,1495.0,1444.0,1486.65,1490.25,1488.05,1467.17,1725.0,1342.0,6797124,9972548095.6,307977,HDFCBANK,1495.0,1490.95,1495.0,1490.95
2022-01-27,EQ,1450.0,1485.0,1435.0,1488.05,1482.0,1474.95,1454.91,1725.0,1342.0,14308919,20818170830.0,398704,HDFCBANK,1485.0,1491.9050000000002,1485.0,1491.9050000000002
2022-01-28,EQ,1477.5,1486.7,1460.0,1474.95,1463.25,1463.25,1475.5,1725.0,1342.0,12462604,18388622965.7,310264,HDFCBANK,1486.7,1496.92,1486.7,1496.92
2022-01-31,EQ,1472.75,1491.55,1466.8,1463.25,1484.55,1485.7,1479.18,1725.0,1353.0,6421273,9498216296.1,178623,HDFCBANK,1491.55,1502.48,1491.55,1502.48
2022-02-01,EQ,1508.5,1517.0,1473.45,1485.7,1500.0,1497.0,1500.43,1725.0,1353.0,7369742,11057783148.0,209907,HDFCBANK,1517.0,1501.2800000000002,1517.0,1501.2800000000002
2022-02-02,EQ,1511.95,1535.0,1505.6,1497.0,1535.0,1531.2,1526.26,1725.0,1353.0,6984645,10660387041.25,182857,HDFCBANK,1535.0,1503.3600000000001,1535.0,1503.3600000000001
2022-02-03,EQ,1528.75,1539.95,1509.0,1531.2,1510.4,1515.35,1527.81,1725.0,1353.0,5282381,8070475923.25,280078,HDFCBANK,1539.95,1501.815,1539.95,1501.815
2022-02-04,EQ,1528.4,1532.85,1514.1,1515.35,1521.1,1524.0,1523.56,1725.0,1353.0,5789979,8821362879.95,168452,HDFCBANK,1532.85,1500.9299999999998,1532.85,1500.9299999999998
2022-02-07,EQ,1512.1,1519.0,1460.0,1524.0,1471.05,1468.15,1478.57,1725.0,1353.0,6134021,9069579092.75,263901,HDFCBANK,1519.0,1499.7649999999999,1519.0,1499.7649999999999
2022-02-08,EQ,1476.4,1478.45,1444.55,1468.15,1458.0,1461.85,1459.69,1725.0,1353.0,6990565,10204065680.95,217552,HDFCBANK,1478.45,1505.16,1478.45,1505.16
2022-02-09,EQ,1474.0,1499.7,1467.0,1461.85,1498.4,1497.6,1487.26,1725.0,1353.0,5654171,8409211754.95,152404,HDFCBANK,1499.7,1510.045,1499.7,1510.045
2022-02-10,EQ,1514.0,1535.5,1501.65,1497.6,1523.6,1525.1,1523.34,1725.0,1353.0,7157265,10902940455.85,213562,HDFCBANK,1535.5,1510.375,1535.5,1510.375
2022-02-11,EQ,1500.25,1525.0,1499.5,1525.1,1516.0,1518.85,1514.35,1725.0,1353.0,5355552,8110162062.9,143617,HDFCBANK,1525.0,1499.8049999999998,1525.0,1499.8049999999998
2022-02-14,EQ,1490.0,1499.45,1469.3,1518.85,1472.0,1473.7,1479.38,1725.0,1353.0,7328310,10841372315.75,228169,HDFCBANK,1499.45,1493.53,1499.45,1493.53
2022-02-15,EQ,1476.0,1524.9,1473.05,1473.7,1519.45,1517.8,1499.93,1725.0,1353.0,6567533,9850825873.15,213639,HDFCBANK,1524.9,1488.7849999999999,1524.9,1488.7849999999999
2022-02-16,EQ,1534.35,1534.75,1507.0,1517.8,1512.5,1515.75,1521.07,1725.0,1353.0,5016132,7629865425.35,142489,HDFCBANK,1534.75,1474.4299999999998,1534.75,1474.4299999999998
2022-02-17,EQ,1513.1,1522.0,1502.0,1515.75,1504.45,1506.5,1511.79,1725.0,1353.0,3675604,5556743520.45,124317,HDFCBANK,1522.0,1459.955,1522.0,1459.955
2022-02-18,EQ,1498.3,1517.0,1490.45,1506.5,1511.0,1512.35,1505.99,1725.0,1353.0,3898064,5870462943.2,135186,HDFCBANK,1517.0,1445.955,1517.0,1445.955
2022-02-21,EQ,1504.0,1530.7,1495.55,1512.35,1523.45,1522.1,1518.53,1725.0,1353.0,3734033,5670227018.0,148113,HDFCBANK,1530.7,1427.1999999999998,1530.7,1427.1999999999998
2022-02-22,EQ,1489.8,1522.1,1487.95,1522.1,1508.0,1510.7,1508.83,1725.0,1353.0,4768098,7194245650.2,238977,HDFCBANK,1522.1,1407.7699999999998,1522.1,1407.7699999999998
2022-02-23,EQ,1525.1,1525.7,1495.65,1510.7,1500.0,1500.9,1511.14,1725.0,1353.0,4514781,6822487865.95,182373,HDFCBANK,1525.7,1393.8149999999996,1525.7,1393.8149999999996
2022-02-24,EQ,1449.9,1474.95,1407.15,1500.9,1410.2,1419.4,1448.27,1725.0,1353.0,11815383,17111812498.0,364952,HDFCBANK,1474.95,1382.9949999999997,1474.95,1382.9949999999997
2022-02-25,EQ,1439.95,1465.9,1432.85,1419.4,1456.3,1456.1,1454.62,1725.0,1353.0,9159327,13323309790.05,204609,HDFCBANK,1465.9,1380.7349999999997,1465.9,1380.7349999999997
2022-02-28,EQ,1426.0,1438.55,1414.05,1456.1,1428.8,1426.25,1424.95,1725.0,1353.0,12440416,17726991025.25,337515,HDFCBANK,1438.55,1379.3799999999997,1438.55,1379.3799999999997
2022-03-02,EQ,1386.5,1398.4,1354.4,1426.25,1378.55,1374.25,1372.96,1725.0,1353.0,19252780,26433316653.6,590118,HDFCBANK,1398.4,1379.1549999999995,1398.4,1379.1549999999995
2022-03-03,EQ,1381.0,1392.0,1362.9,1374.25,1373.35,1371.0,1377.34,1725.0,1353.0,8763961,12070939839.35,355777,HDFCBANK,1392.0,1386.5449999999996,1392.0,1386.5449999999996
2022-03-04,EQ,1360.0,1386.0,1336.9,1371.0,1364.95,1366.5,1359.66,1725.0,1336.9,10609682,14425584670.8,351310,HDFCBANK,1386.0,1397.4499999999994,1386.0,1397.4499999999994
2022-03-07,EQ,1318.5,1332.35,1297.05,1366.5,1326.0,1324.8,1314.7,1725.0,1297.05,13527229,17784238071.95,426139,HDFCBANK,1332.35,1409.4499999999994,1332.35,1409.4499999999994
2022-03-08,EQ,1302.2,1334.0,1292.0,1324.8,1333.0,1327.8,1305.18,1725.0,1292.0,19606246,25589677980.15,527016,HDFCBANK,1334.0,1426.3849999999995,1334.0,1426.3849999999995
2022-03-09,EQ,1330.0,1374.7,1318.85,1327.8,1371.05,1371.15,1347.62,1725.0,1292.0,11567347,15588358448.15,330592,HDFCBANK,1374.7,1441.5299999999995,1374.7,1441.5299999999995
2022-03-10,EQ,1427.0,1427.0,1380.25,1371.15,1388.9,1392.7,1404.82,1725.0,1292.0,11136603,15644870615.7,277256,HDFCBANK,1427.0,1448.6799999999996,1427.0,1448.6799999999996
2022-03-11,EQ,1388.0,1408.95,1372.7,1392.7,1396.0,1396.8,1396.47,1725.0,1292.0,7575390,10578797843.2,204283,HDFCBANK,1408.95,1452.4999999999995,1408.95,1452.4999999999995
2022-03-14,EQ,1415.0,1450.0,1415.0,1396.8,1442.25,1442.55,1433.68,1725.0,1292.0,12509063,17933940554.75,344549,HDFCBANK,1450.0,1456.0999999999995,1450.0,1456.0999999999995
2022-03-15,EQ,1443.5,1449.5,1411.75,1442.55,1422.0,1424.0,1435.02,1725.0,1292.0,9433964,13537948637.95,277249,HDFCBANK,1449.5,1457.0249999999994,1449.5,1457.0249999999994
2022-03-16,EQ,1447.0,1455.0,1436.2,1424.0,1445.95,1448.15,1446.5,1725.0,1292.0,6682054,9665623348.95,223791,HDFCBANK,1455.0,1462.3199999999995,1455.0,1462.3199999999995
2022-03-17,EQ,1472.0,1489.8,1470.55,1448.15,1477.95,1480.05,1482.21,1725.0,1292.0,7411977,10986072825.8,237930,HDFCBANK,1489.8,1464.5399999999995,1489.8,1464.5399999999995
2022-03-21,EQ,1487.0,1493.65,1472.8,1480.05,1487.4,1486.5,1484.44,1725.0,1292.0,6128938,9098011072.35,204348,HDFCBANK,1493.65,1467.1349999999998,1493.65,1467.1349999999998
2022-03-22,EQ,1481.3,1498.0,1457.2,1486.5,1496.8,1494.15,1478.67,1725.0,1292.0,5230907,7734791215.15,217951,HDFCBANK,1498.0,1484.1649999999995,1498.0,1484.1649999999995
2022-03-23,EQ,1507.0,1518.8,1473.6,1494.15,1479.15,1479.25,1481.7,1725.0,1292.0,15594128,23105806046.35,201491,HDFCBANK,1518.8,1495.5749999999996,1518.8,1495.5749999999996
2022-03-24,EQ,1466.0,1469.65,1434.55,1479.25,1442.9,1442.65,1449.15,1725.0,1292.0,10080022,14607432713.3,247575,HDFCBANK,1469.65,1502.7349999999997,1469.65,1502.7349999999997
2022-03-25,EQ,1451.0,1452.0,1419.0,1442.65,1436.8,1430.9,1430.95,1725.0,1292.0,8183231,11709762372.25,223085,HDFCBANK,1452.0,1510.1449999999998,1452.0,1510.1449999999998
2022-03-28,EQ,1430.9,1438.0,1401.6,1430.9,1436.0,1432.8,1417.35,1725.0,1292.0,7877443,11165074398.95,263045,HDFCBANK,1438.0,1518.5199999999998,1438.0,1518.5199999999998
2022-03-29,EQ,1441.0,1460.25,1430.0,1432.8,1458.0,1451.8,1442.08,1725.0,1292.0,6188724,8924654172.95,203589,HDFCBANK,1460.25,1524.8549999999998,1460.25,1524.8549999999998
2022-03-30,EQ,1472.0,1482.75,1454.05,1451.8,1476.0,1476.95,1468.52,1725.0,1292.0,10054871,14765780325.45,225951,HDFCBANK,1482.75,1529.0249999999999,1482.75,1529.0249999999999
2022-03-31,EQ,1471.0,1484.7,1465.9,1476.95,1470.0,1470.35,1473.98,1725.0,1292.0,7147857,10535800362.9,175701,HDFCBANK,1484.7,1527.8249999999998,1484.7,1527.8249999999998
2022-04-01,EQ,1476.4,1510.0,1470.3,1470.35,1507.5,1506.0,1494.73,1725.0,1292.0,7284278,10888017388.8,225554,HDFCBANK,1510.0,1520.3349999999998,1510.0,1520.3349999999998
2022-04-04,EQ,1580.0,1722.1,1562.55,1506.0,1654.1,1656.8,1651.17,1725.0,1292.0,48725485,80453972718.55,920761,HDFCBANK,1722.1,1503.955,1722.1,1503.955
2022-04-05,EQ,1666.7,1666.7,1602.0,1656.8,1604.95,1608.25,1619.67,1725.0,1292.0,15461291,25042197750.45,440413,HDFCBANK,1666.7,1473.705,1666.7,1473.705
2022-04-06,EQ,1587.7,1589.8,1547.35,1608.25,1550.5,1550.85,1564.33,1725.0,1292.0,13513930,21140225559.2,414144,HDFCBANK,1589.8,1450.315,1589.8,1450.315
2022-04-07,EQ,1541.3,1541.35,1513.7,1550.85,1521.0,1516.75,1525.08,1725.0,1292.0,20390866,31097618185.95,431701,HDFCBANK,1541.35,1430.79,1541.35,1430.79
2022-04-08,EQ,1512.1,1525.75,1497.3,1516.75,1516.55,1514.65,1510.81,1725.0,1292.0,20628161,31165185145.3,371256,HDFCBANK,1525.75,1415.69,1525.75,1415.69
2022-04-11,EQ,1506.0,1510.0,1493.25,1514.65,1495.4,1496.15,1501.19,1725.0,1292.0,10399533,15611707406.6,385962,HDFCBANK,1510.0,1401.4299999999998,1510.0,1401.4299999999998
2022-04-12,EQ,1484.0,1506.85,1480.15,1496.15,1494.9,1493.5,1492.32,1725.0,1292.0,13717701,20471205729.1,365154,HDFCBANK,1506.85,1389.07,1506.85,1389.07
2022-04-13,EQ,1490.0,1502.3,1462.65,1493.5,1464.0,1464.95,1477.78,1725.0,1292.0,14446260,21348437343.8,399313,HDFCBANK,1502.3,1376.855,1502.3,1376.855
2022-04-18,EQ,1418.85,1431.65,1390.05,1464.95,1397.5,1395.45,1408.02,1725.0,1292.0,22810188,32117257835.45,650936,HDFCBANK,1431.65,1368.82,1431.65,1368.82
2022-04-19,EQ,1380.9,1389.55,1327.0,1395.45,1335.0,1342.2,1361.49,1725.0,1292.0,37048011,50440428788.55,961819,HDFCBANK,1389.55,1369.645,1389.55,1369.645
2022-04-20,EQ,1354.45,1359.9,1335.35,1342.2,1356.0,1354.3,1349.57,1725.0,1292.0,24662868,33284192237.45,424453,HDFCBANK,1359.9,1371.0249999999999,1359.9,1371.0249999999999
2022-04-21,EQ,1365.0,1379.8,1353.3,1354.3,1377.7,1374.35,1363.26,1725.0,1292.0,26223135,35748942819.35,288746,HDFCBANK,1379.8,1370.8899999999999,1379.8,1370.8899999999999
2022-04-22,EQ,1360.0,1375.35,1349.15,1374.35,1353.35,1355.6,1360.9,1725.0,1292.0,10329574,14057509231.75,317119,HDFCBANK,1375.35,1365.215,1375.35,1365.215
2022-04-25,EQ,1350.0,1370.65,1322.25,1355.6,1369.95,1365.75,1352.5,1725.0,1292.0,10467744,14157639113.95,302713,HDFCBANK,1370.65,1361.6399999999999,1370.65,1361.6399999999999
2022-04-26,EQ,1372.0,1381.95,1357.15,1365.75,1370.45,1372.05,1371.84,1725.0,1292.0,8508421,11672225925.5,295807,HDFCBANK,1381.95,1359.1699999999998,1381.95,1359.1699999999998
2022-04-27,EQ,1360.0,1379.0,1356.1,1372.05,1372.0,1372.55,1370.67,1725.0,1292.0,9027167,12373229228.55,256736,HDFCBANK,1379.0,1356.825,1379.0,1356.825
2022-04-28,EQ,1372.0,1379.0,1362.1,1372.55,1372.5,1371.35,1369.11,1725.0,1292.0,10386861,14220708700.25,182049,HDFCBANK,1379.0,1349.875,1379.0,1349.875
2022-04-29,EQ,1380.35,1404.75,1371.55,1371.35,1382.0,1384.6,1390.53,1725.0,1292.0,14200738,19746533797.3,262069,HDFCBANK,1404.75,1341.875,1404.75,1341.875
2022-05-02,EQ,1362.05,1406.45,1362.05,1384.6,1400.25,1403.7,1390.41,1725.0,1292.0,9747158,13552559643.9,221031,HDFCBANK,1406.45,1333.925,1406.45,1333.925
2022-05-04,EQ,1400.0,1403.6,1350.0,1403.7,1358.1,1356.0,1376.57,1725.0,1292.0,14527958,19998748922.05,323211,HDFCBANK,1403.6,1324.955,1403.6,1324.955
2022-05-05,EQ,1375.0,1375.0,1346.5,1356.0,1349.0,1352.95,1362.2,1725.0,1292.0,8931456,12166464277.3,216825,HDFCBANK,1375.0,1320.745,1375.0,1320.745
2022-05-06,EQ,1330.0,1335.0,1313.0,1352.95,1321.05,1317.6,1321.98,1725.0,1292.0,13365634,17669093791.95,353439,HDFCBANK,1335.0,1314.1549999999997,1335.0,1314.1549999999997
2022-05-09,EQ,1300.0,1326.5,1295.5,1317.6,1321.75,1319.85,1305.53,1725.0,1292.0,16381217,21386230365.4,315707,HDFCBANK,1326.5,1314.4899999999998,1326.5,1314.4899999999998
2022-05-10,EQ,1315.05,1353.0,1315.05,1319.85,1339.0,1341.05,1334.92,1725.0,1292.0,10056906,13425132837.95,204894,HDFCBANK,1353.0,1312.9049999999997,1353.0,1312.9049999999997
2022-05-11,EQ,1353.0,1355.0,1328.65,1341.05,1349.45,1348.6,1343.69,1725.0,1292.0,8551462,11490550846.5,325879,HDFCBANK,1355.0,1310.695,1355.0,1310.695
2022-05-12,EQ,1321.1,1326.8,1293.0,1348.6,1302.5,1303.05,1307.63,1725.0,1292.0,11191145,14633865531.95,411521,HDFCBANK,1326.8,1308.7149999999997,1326.8,1308.7149999999997
2022-05-13,EQ,1310.05,1318.0,1287.0,1303.05,1292.5,1291.35,1301.55,1725.0,1287.0,8384119,10912331002.7,278869,HDFCBANK,1318.0,1315.08,1318.0,1315.08
2022-05-16,EQ,1299.0,1312.0,1285.3,1291.35,1308.0,1305.1,1301.12,1725.0,1285.3,4902178,6378342592.45,165187,HDFCBANK,1312.0,1325.1499999999999,1312.0,1325.1499999999999
2022-05-17,EQ,1312.6,1317.0,1298.2,1305.1,1316.0,1314.0,1309.07,1725.0,1285.3,8320722,10892432064.4,204025,HDFCBANK,1317.0,1334.7949999999996,1317.0,1334.7949999999996
2022-05-18,EQ,1324.05,1333.3,1310.0,1314.0,1315.85,1313.9,1321.44,1725.0,1285.3,7866192,10394668975.65,206774,HDFCBANK,1333.3,1342.2899999999997,1333.3,1342.2899999999997
2022-05-19,EQ,1286.2,1296.4,1278.3,1313.9,1290.45,1287.05,1286.32,1725.0,1278.3,10268753,13208858469.15,271471,HDFCBANK,1296.4,1350.3849999999998,1296.4,1350.3849999999998
2022-05-20,EQ,1303.0,1324.2,1292.35,1287.05,1323.45,1320.95,1311.98,1725.0,1278.3,6959675,9130982889.25,168094,HDFCBANK,1324.2,1360.19,1324.2,1360.19
2022-05-23,EQ,1314.0,1329.95,1299.1,1320.95,1301.3,1304.0,1319.39,1725.0,1278.3,9743160,12855045365.5,189598,HDFCBANK,1329.95,1366.1249999999998,1329.95,1366.1249999999998
2022-05-24,EQ,1300.0,1325.0,1296.9,1304.0,1320.0,1318.95,1313.26,1725.0,1278.3,6435398,8451379583.55,172378,HDFCBANK,1325.0,1373.57,1325.0,1373.57
2022-05-25,EQ,1330.0,1335.95,1323.2,1318.95,1327.5,1328.8,1329.41,1725.0,1278.3,6443556,8566144702.45,212264,HDFCBANK,1335.95,1377.935,1335.95,1377.935
2022-05-26,EQ,1342.15,1371.0,1340.0,1328.8,1369.0,1366.7,1355.58,1725.0,1278.3,13496214,18295260027.75,380760,HDFCBANK,1371.0,1381.7949999999998,1371.0,1381.7949999999998
2022-05-27,EQ,1371.8,1394.7,1370.75,1366.7,1393.4,1392.05,1384.2,1725.0,1278.3,12015859,16632315263.75,196266,HDFCBANK,1394.7,1382.895,1394.7,1382.895
2022-05-30,EQ,1410.25,1420.5,1398.45,1392.05,1401.0,1401.55,1409.32,1725.0,1278.3,6312337,8896129502.8,191283,HDFCBANK,1420.5,1378.8,1420.5,1378.8
2022-05-31,EQ,1395.9,1404.8,1380.0,1401.55,1384.0,1388.95,1396.23,1725.0,1278.3,6742694,9414334821.1,178695,HDFCBANK,1404.8,1371.305,1404.8,1371.305
2022-06-01,EQ,1380.0,1400.45,1379.15,1388.95,1396.1,1394.85,1391.06,1725.0,1278.3,6045948,8410276065.05,152770,HDFCBANK,1400.45,1363.6100000000001,1400.45,1363.6100000000001
2022-06-02,EQ,1387.25,1388.0,1378.6,1394.85,1385.2,1385.1,1383.53,1725.0,1278.3,5737510,7938005254.7,160429,HDFCBANK,1388.0,1354.8700000000001,1388.0,1354.8700000000001
2022-06-03,EQ,1398.3,1400.75,1376.3,1385.1,1379.0,1380.3,1388.75,1725.0,1278.3,3478622,4830949975.05,174541,HDFCBANK,1400.75,1344.49,1400.75,1344.49
2022-06-06,EQ,1376.3,1387.0,1360.65,1380.3,1377.0,1378.45,1380.25,1725.0,1278.3,3086633,4260332744.2,126359,HDFCBANK,1387.0,1335.435,1387.0,1335.435
2022-06-07,EQ,1362.0,1374.3,1354.1,1378.45,1362.15,1362.6,1362.41,1725.0,1278.3,5126983,6985065721.75,133385,HDFCBANK,1374.3,1329.8049999999998,1374.3,1329.8049999999998
2022-06-08,EQ,1373.3,1381.0,1357.0,1362.6,1366.0,1367.4,1369.67,1725.0,1278.3,2993294,4099830912.8,108646,HDFCBANK,1381.0,1327.1999999999998,1381.0,1327.1999999999998
2022-06-09,EQ,1362.25,1382.05,1357.15,1367.4,1379.6,1377.7,1368.42,1725.0,1278.3,3655908,5002826094.5,149498,HDFCBANK,1382.05,1323.485,1382.05,1323.485
2022-06-10,EQ,1360.1,1367.95,1343.6,1377.7,1348.75,1351.1,1351.94,1725.0,1278.3,4577715,6188800152.6,159998,HDFCBANK,1367.95,1319.2299999999998,1367.95,1319.2299999999998
2022-06-13,EQ,1323.6,1330.0,1308.3,1351.1,1329.0,1326.6,1318.54,1725.0,1278.3,5446286,7181145207.65,269494,HDFCBANK,1330.0,1319.4999999999995,1330.0,1319.4999999999995
2022-06-14,EQ,1311.25,1326.0,1305.0,1326.6,1314.0,1312.0,1316.04,1725.0,1278.3,5935178,7810916645.65,247100,HDFCBANK,1326.0,1322.4649999999997,1326.0,1322.4649999999997
2022-06-15,EQ,1301.65,1315.8,1298.4,1312.0,1308.45,1307.45,1307.49,1725.0,1278.3,5905235,7721044050.45,239871,HDFCBANK,1315.8,1325.8549999999996,1315.8,1325.8549999999996
2022-06-16,EQ,1310.0,1320.55,1278.0,1307.45,1279.45,1281.3,1297.76,1725.0,1278.0,6084596,7896314988.4,269747,HDFCBANK,1320.55,1329.5049999999997,1320.55,1329.5049999999997
2022-06-17,EQ,1275.0,1299.0,1271.6,1281.3,1296.7,1289.75,1282.59,1725.0,1271.6,7361961,9442347329.35,293741,HDFCBANK,1299.0,1336.1749999999997,1299.0,1336.1749999999997
2022-06-20,EQ,1304.7,1325.0,1294.15,1289.75,1321.95,1322.15,1313.17,1725.0,1271.6,7968420,10463910206.85,214315,HDFCBANK,1325.0,1342.5749999999996,1325.0,1342.5749999999996
2022-06-21,EQ,1336.9,1354.0,1324.05,1322.15,1333.7,1336.55,1341.22,1725.0,1271.6,6610342,8865941646.1,190833,HDFCBANK,1354.0,1345.9249999999997,1354.0,1345.9249999999997
2022-06-22,EQ,1332.25,1336.95,1323.2,1336.55,1325.9,1330.25,1329.7,1725.0,1271.6,4079849,5424972795.2,144197,HDFCBANK,1336.95,1347.5299999999997,1336.95,1347.5299999999997
2022-06-23,EQ,1330.5,1348.0,1318.5,1330.25,1336.6,1335.15,1336.91,1725.0,1271.6,7686122,10275634335.15,224102,HDFCBANK,1348.0,1351.6299999999997,1348.0,1351.6299999999997
2022-06-24,EQ,1338.55,1361.65,1338.55,1335.15,1355.0,1353.8,1354.94,1725.0,1271.6,4006716,5428848372.95,265751,HDFCBANK,1361.65,1357.6949999999997,1361.65,1357.6949999999997
2022-06-27,EQ,1370.0,1376.0,1352.0,1353.8,1355.9,1356.25,1362.63,1725.0,1271.6,4902082,6679721013.6,153532,HDFCBANK,1376.0,1362.0249999999999,1376.0,1362.0249999999999
2022-06-28,EQ,1344.0,1351.0,1338.4,1356.25,1349.9,1345.9,1344.55,1725.0,1271.6,4885287,6568495136.05,170596,HDFCBANK,1351.0,1367.0149999999999,1351.0,1367.0149999999999
2022-06-29,EQ,1331.25,1350.75,1331.25,1345.9,1343.8,1343.95,1343.41,1725.0,1271.6,4997023,6713040907.65,155488,HDFCBANK,1350.75,1371.6049999999998,1350.75,1371.6049999999998
2022-06-30,EQ,1336.0,1354.0,1336.0,1343.95,1344.0,1348.0,1346.87,1725.0,1271.6,6237911,8401664068.5,153516,HDFCBANK,1354.0,1372.9949999999997,1354.0,1372.9949999999997
2022-07-01,EQ,1343.95,1360.0,1330.05,1348.0,1354.95,1353.75,1346.28,1725.0,1271.6,5736226,7722538774.5,147092,HDFCBANK,1360.0,1373.2999999999997,1360.0,1373.2999999999997
2022-07-04,EQ,1353.7,1360.2,1342.25,1353.75,1356.55,1355.65,1352.23,1725.0,1271.6,4243740,5738508714.75,122056,HDFCBANK,1360.2,1374.1299999999997,1360.2,1374.1299999999997
2022-07-05,EQ,1364.0,1379.35,1348.3,1355.65,1349.05,1352.6,1366.82,1725.0,1271.6,7162859,9790334619.55,175254,HDFCBANK,1379.35,1373.3199999999995,1379.35,1373.3199999999995
2022-07-06,EQ,1348.0,1373.4,1347.1,1352.6,1371.55,1371.25,1365.48,1725.0,1271.6,7524539,10274605412.4,175408,HDFCBANK,1373.4,1372.8649999999993,1373.4,1372.8649999999993
2022-07-07,EQ,1380.0,1398.0,1374.45,1371.25,1395.0,1395.8,1387.53,1725.0,1271.6,8871571,12309603700.5,177340,HDFCBANK,1398.0,1372.2449999999994,1398.0,1372.2449999999994
2022-07-08,EQ,1410.0,1410.0,1394.75,1395.8,1395.8,1397.1,1402.07,1725.0,1271.6,6237015,8744724388.5,122217,HDFCBANK,1410.0,1368.7399999999993,1410.0,1368.7399999999993
2022-07-11,EQ,1394.0,1409.9,1393.25,1397.1,1403.2,1406.15,1403.07,1725.0,1271.6,3731440,5235481481.55,115690,HDFCBANK,1409.9,1368.2799999999993,1409.9,1368.2799999999993
2022-07-12,EQ,1405.25,1405.25,1389.4,1406.15,1391.2,1391.8,1395.12,1725.0,1271.6,4938487,6889788254.6,107652,HDFCBANK,1405.25,1367.3249999999994,1405.25,1367.3249999999994
2022-07-13,EQ,1390.0,1394.2,1354.25,1391.8,1359.55,1357.85,1371.2,1725.0,1271.6,7972805,10932296276.95,185857,HDFCBANK,1394.2,1367.5199999999995,1394.2,1367.5199999999995
2022-07-14,EQ,1362.0,1372.65,1349.25,1357.85,1352.0,1351.05,1359.74,1725.0,1271.6,5186205,7051894375.95,156703,HDFCBANK,1372.65,1372.1749999999995,1372.65,1372.1749999999995
2022-07-15,EQ,1353.0,1364.9,1346.8,1351.05,1364.0,1362.05,1357.6,1725.0,1271.6,6797823,9228735489.2,126512,HDFCBANK,1364.9,1378.7549999999997,1364.9,1378.7549999999997
2022-07-18,EQ,1348.0,1366.1,1342.05,1362.05,1348.2,1347.55,1347.82,1725.0,1271.6,10166110,13702125272.85,291810,HDFCBANK,1366.1,1385.9699999999998,1366.1,1385.9699999999998
2022-07-19,EQ,1337.0,1358.55,1337.0,1347.55,1348.2,1348.05,1349.05,1725.0,1271.6,7896269,10652452469.15,141741,HDFCBANK,1358.55,1395.8299999999997,1358.55,1395.8299999999997
2022-07-20,EQ,1359.9,1371.1,1355.25,1348.05,1363.55,1365.05,1364.16,1725.0,1271.6,10173931,13878862594.9,279863,HDFCBANK,1371.1,1404.0499999999997,1371.1,1404.0499999999997
2022-07-21,EQ,1360.55,1369.5,1358.1,1365.05,1363.0,1360.75,1363.06,1725.0,1271.6,6320139,8614710412.0,158369,HDFCBANK,1369.5,1410.905,1369.5,1410.905
2022-07-22,EQ,1366.0,1397.0,1362.4,1360.75,1394.4,1392.5,1384.48,1725.0,1271.6,6364796,8811947079.7,190910,HDFCBANK,1397.0,1418.02,1397.0,1418.02
2022-07-25,EQ,1395.0,1404.6,1383.3,1392.5,1394.0,1396.6,1393.4,1725.0,1271.6,5071563,7066700506.25,156586,HDFCBANK,1404.6,1421.475,1404.6,1421.475
2022-07-26,EQ,1396.0,1402.0,1386.3,1396.6,1390.6,1393.75,1395.38,1725.0,1271.6,4263982,5949886417.25,115649,HDFCBANK,1402.0,1428.0199999999998,1402.0,1428.0199999999998
2022-07-27,EQ,1388.9,1406.0,1384.25,1393.75,1404.4,1404.4,1399.8,1725.0,1271.6,4606389,6448018339.8,131184,HDFCBANK,1406.0,1435.2749999999996,1406.0,1435.2749999999996
2022-07-28,EQ,1415.05,1424.0,1411.0,1404.4,1416.0,1416.85,1419.21,1725.0,1271.6,8710203,12361605197.85,213161,HDFCBANK,1424.0,1443.4049999999997,1424.0,1443.4049999999997
2022-07-29,EQ,1438.0,1438.6,1415.3,1416.85,1436.4,1434.2,1428.73,1725.0,1271.6,10009868,14301385368.8,241020,HDFCBANK,1438.6,1450.2349999999997,1438.6,1450.2349999999997
2022-08-01,EQ,1439.0,1448.45,1430.05,1434.2,1442.9,1446.15,1440.76,1725.0,1271.6,6596518,9504016259.35,146180,HDFCBANK,1448.45,1457.0299999999995,1448.45,1457.0299999999995
2022-08-02,EQ,1442.0,1444.6,1423.05,1446.15,1424.95,1430.25,1431.6,1725.0,1271.6,7518255,10763137989.2,165021,HDFCBANK,1444.6,1463.4049999999995,1444.6,1463.4049999999995
2022-08-03,EQ,1424.95,1435.75,1417.0,1430.25,1433.25,1433.6,1427.43,1725.0,1271.6,5487749,7833355196.55,206821,HDFCBANK,1435.75,1471.5499999999997,1435.75,1471.5499999999997
2022-08-04,EQ,1440.0,1446.7,1412.95,1433.6,1429.35,1431.9,1431.33,1725.0,1271.6,6006103,8596734035.35,228173,HDFCBANK,1446.7,1477.4949999999994,1446.7,1477.4949999999994
2022-08-05,EQ,1433.0,1436.95,1421.15,1431.9,1426.05,1427.05,1429.21,1725.0,1271.6,4634491,6623649945.65,121554,HDFCBANK,1436.95,1481.3399999999997,1436.95,1481.3399999999997
2022-08-08,EQ,1428.0,1464.5,1427.1,1427.05,1461.35,1462.05,1454.57,1725.0,1271.6,7678868,11169457261.65,207907,HDFCBANK,1464.5,1485.2149999999997,1464.5,1485.2149999999997
2022-08-10,EQ,1461.35,1471.5,1449.05,1462.05,1465.0,1466.3,1464.71,1725.0,1271.6,8676551,12708637823.2,219403,HDFCBANK,1471.5,1486.2949999999996,1471.5,1486.2949999999996
2022-08-11,EQ,1486.5,1491.0,1474.55,1466.3,1480.0,1485.7,1483.63,1725.0,1271.6,9150883,13576483134.0,236473,HDFCBANK,1491.0,1486.1499999999999,1491.0,1486.1499999999999
2022-08-12,EQ,1485.0,1489.3,1475.95,1485.7,1483.95,1485.15,1484.0,1725.0,1271.6,4425185,6566982475.55,175766,HDFCBANK,1489.3,1484.0899999999997,1489.3,1484.0899999999997
2022-08-16,EQ,1494.8,1508.5,1488.05,1485.15,1501.8,1502.15,1501.93,1725.0,1271.6,6281878,9434964816.8,172125,HDFCBANK,1508.5,1479.5149999999999,1508.5,1479.5149999999999
2022-08-17,EQ,1500.0,1512.75,1485.75,1502.15,1507.1,1509.9,1503.31,1725.0,1271.6,6192175,9308743851.9,190873,HDFCBANK,1512.75,1477.9099999999999,1512.75,1477.9099999999999
2022-08-18,EQ,1500.0,1513.9,1499.65,1509.9,1511.0,1511.7,1507.5,1725.0,1271.6,4171069,6287879823.1,126031,HDFCBANK,1513.9,1474.1349999999998,1513.9,1474.1349999999998
2022-08-19,EQ,1510.0,1512.0,1490.0,1511.7,1492.35,1493.05,1498.24,1725.0,1271.6,4031851,6040684835.5,147346,HDFCBANK,1512.0,1471.5149999999999,1512.0,1471.5149999999999
2022-08-22,EQ,1484.8,1488.35,1467.7,1493.05,1468.7,1470.35,1474.4,1725.0,1271.6,4117033,6070140731.7,122931,HDFCBANK,1488.35,1471.7149999999997,1488.35,1471.7149999999997
2022-08-23,EQ,1453.3,1475.95,1450.4,1470.35,1471.5,1465.8,1461.68,1725.0,1271.6,7483442,10938431495.85,144071,HDFCBANK,1475.95,1473.6149999999998,1475.95,1473.6149999999998
2022-08-24,EQ,1461.9,1475.5,1459.2,1465.8,1475.0,1472.85,1467.34,1725.0,1271.6,6727760,9871897938.5,140656,HDFCBANK,1475.5,1475.2649999999999,1475.5,1475.2649999999999
2022-08-25,EQ,1479.9,1486.8,1457.0,1472.85,1462.95,1464.85,1477.82,1725.0,1271.6,5911520,8736166442.2,127054,HDFCBANK,1486.8,1477.7399999999998,1486.8,1477.7399999999998
2022-08-26,EQ,1472.05,1481.8,1461.2,1464.85,1466.0,1465.1,1471.45,1725.0,1271.6,3853088,5669634958.8,128698,HDFCBANK,1481.8,1481.1149999999998,1481.8,1481.1149999999998
2022-08-29,EQ,1437.0,1446.0,1428.6,1465.1,1442.0,1439.4,1438.69,1725.0,1271.6,4326589,6224608203.95,187389,HDFCBANK,1446.0,1483.9599999999996,1446.0,1483.9599999999996
2022-08-30,EQ,1446.45,1489.95,1443.1,1439.4,1483.65,1486.1,1468.87,1725.0,1271.6,5067700,7443785303.75,192942,HDFCBANK,1489.95,1491.3299999999997,1489.95,1491.3299999999997
2022-09-01,EQ,1464.75,1489.45,1459.0,1486.1,1471.0,1472.15,1469.61,1725.0,1271.6,11201568,16461981807.55,182041,HDFCBANK,1489.45,1495.5849999999996,1489.45,1495.5849999999996
2022-09-02,EQ,1472.15,1490.5,1465.2,1472.15,1482.0,1485.5,1477.45,1725.0,1271.6,6019043,8892860828.1,119285,HDFCBANK,1490.5,1500.4399999999998,1490.5,1500.4399999999998
2022-09-05,EQ,1486.1,1499.0,1484.1,1485.5,1494.0,1495.05,1493.54,1725.0,1271.6,6065966,9059754660.0,128519,HDFCBANK,1499.0,1501.1649999999997,1499.0,1501.1649999999997
2022-09-06,EQ,1498.9,1506.65,1486.45,1495.05,1489.0,1489.35,1497.95,1725.0,1271.6,6119348,9166492283.65,115379,HDFCBANK,1506.65,1501.9199999999998,1506.65,1501.9199999999998
2022-09-07,EQ,1471.3,1490.0,1471.3,1489.35,1483.05,1482.3,1483.04,1725.0,1271.6,4888103,7249268552.2,89838,HDFCBANK,1490.0,1505.0549999999998,1490.0,1505.0549999999998
2022-09-08,EQ,1490.1,1500.0,1482.15,1482.3,1496.65,1497.6,1491.81,1725.0,1271.6,5582345,8327793778.2,105543,HDFCBANK,1500.0,1508.66,1500.0,1508.66
2022-09-09,EQ,1496.2,1509.0,1494.05,1497.6,1498.0,1498.6,1501.98,1725.0,1271.6,7564444,11361670171.7,159222,HDFCBANK,1509.0,1507.5,1509.0,1507.5
2022-09-12,EQ,1500.0,1504.0,1490.0,1498.6,1491.6,1493.55,1498.08,1725.0,1271.6,5540246,8299719758.65,158509,HDFCBANK,1504.0,1502.2549999999999,1504.0,1502.2549999999999
2022-09-13,EQ,1498.9,1515.9,1498.55,1493.55,1514.35,1513.1,1509.49,1725.0,1271.6,6500983,9813139426.55,178976,HDFCBANK,1515.9,1495.565,1515.9,1495.565
2022-09-14,EQ,1494.05,1538.9,1492.35,1513.1,1525.1,1528.65,1519.3,1725.0,1271.6,10109880,15359982950.0,266662,HDFCBANK,1538.9,1485.6399999999999,1538.9,1485.6399999999999
2022-09-15,EQ,1530.0,1540.95,1512.0,1528.65,1520.5,1520.7,1525.41,1725.0,1271.6,6769686,10326531542.6,209664,HDFCBANK,1540.95,1471.73,1540.95,1471.73
2022-09-16,EQ,1503.1,1514.7,1483.0,1520.7,1497.5,1492.75,1499.18,1725.0,1271.6,10280023,15411585013.35,204150,HDFCBANK,1514.7,1457.895,1514.7,1457.895
2022-09-19,EQ,1489.0,1514.0,1480.0,1492.75,1504.25,1502.6,1501.17,1725.0,1271.6,6038019,9064064674.3,123407,HDFCBANK,1514.0,1450.7549999999999,1514.0,1450.7549999999999
2022-09-20,EQ,1514.0,1524.0,1509.9,1502.6,1517.55,1520.7,1518.57,1725.0,1271.6,5390834,8186358426.6,125775,HDFCBANK,1524.0,1441.815,1524.0,1441.815
2022-09-21,EQ,1508.0,1521.5,1505.0,1520.7,1517.4,1518.35,1515.55,1725.0,1271.6,4536152,6874779529.4,129113,HDFCBANK,1521.5,1435.0449999999998,1521.5,1435.0449999999998
2022-09-22,EQ,1502.0,1510.15,1482.75,1518.35,1486.2,1486.0,1494.95,1725.0,1271.6,6024072,9005666828.65,130337,HDFCBANK,1510.15,1426.9099999999999,1510.15,1426.9099999999999
2022-09-23,EQ,1472.35,1475.0,1437.0,1486.0,1447.0,1446.15,1451.15,1725.0,1271.6,7903126,11468624906.55,254765,HDFCBANK,1475.0,1421.3899999999999,1475.0,1421.3899999999999
2022-09-26,EQ,1425.35,1436.45,1418.0,1446.15,1429.8,1426.65,1426.27,1725.0,1271.6,4461743,6363659216.05,183001,HDFCBANK,1436.45,1418.2749999999999,1436.45,1418.2749999999999
2022-09-27,EQ,1432.4,1440.0,1407.0,1426.65,1414.65,1413.85,1423.81,1725.0,1271.6,6319850,8998292829.25,181595,HDFCBANK,1440.0,1415.6749999999997,1440.0,1415.6749999999997
2022-09-28,EQ,1406.0,1410.6,1385.9,1413.85,1387.0,1389.55,1397.25,1725.0,1271.6,5908066,8255059324.45,215474,HDFCBANK,1410.6,1415.2699999999998,1410.6,1415.2699999999998
2022-09-29,EQ,1396.3,1402.2,1378.8,1389.55,1381.5,1382.35,1387.85,1725.0,1271.6,7205194,9999718372.7,258296,HDFCBANK,1402.2,1415.6749999999997,1402.2,1415.6749999999997
2022-09-30,EQ,1378.8,1431.45,1365.0,1382.35,1422.05,1421.35,1407.93,1725.0,1271.6,7890878,11109799543.35,181624,HDFCBANK,1431.45,1421.3399999999997,1431.45,1421.3399999999997
2022-10-03,EQ,1409.95,1417.85,1401.1,1421.35,1411.0,1413.2,1410.01,1725.0,1271.6,5770556,8136520348.45,147339,HDFCBANK,1417.85,1423.8599999999997,1417.85,1423.8599999999997
2022-10-04,EQ,1429.5,1458.0,1426.15,1413.2,1456.15,1453.0,1448.36,1725.0,1271.6,5769263,8355997412.35,130624,HDFCBANK,1458.0,1426.9249999999997,1458.0,1426.9249999999997
2022-10-06,EQ,1459.95,1462.6,1434.2,1453.0,1436.0,1437.0,1449.04,1725.0,1271.6,6274599,9092118877.7,170441,HDFCBANK,1462.6,1427.4899999999996,1462.6,1427.4899999999996
2022-10-07,EQ,1430.25,1434.95,1420.35,1437.0,1431.0,1430.8,1427.47,1725.0,1271.6,6648997,9491276053.8,160989,HDFCBANK,1434.95,1428.6699999999996,1434.95,1428.6699999999996
2022-10-10,EQ,1408.0,1426.0,1398.2,1430.8,1415.95,1415.0,1409.21,1725.0,1271.6,6554651,9236903280.05,215487,HDFCBANK,1426.0,1429.4499999999996,1426.0,1429.4499999999996
2022-10-11,EQ,1401.1,1417.0,1399.45,1415.0,1401.75,1400.65,1406.63,1725.0,1271.6,7260810,10213263445.8,134054,HDFCBANK,1417.0,1434.0549999999996,1417.0,1434.0549999999996
2022-10-12,EQ,1403.2,1414.85,1397.3,1400.65,1410.75,1409.8,1406.74,1725.0,1271.6,4612525,6488607643.5,112637,HDFCBANK,1414.85,1439.0799999999995,1414.85,1439.0799999999995
2022-10-13,EQ,1402.05,1406.25,1384.0,1409.8,1396.0,1393.6,1392.46,1725.0,1271.6,7357117,10244525589.7,219960,HDFCBANK,1406.25,1443.5399999999995,1406.25,1443.5399999999995
2022-10-14,EQ,1417.0,1447.0,1415.25,1393.6,1446.0,1439.0,1434.65,1725.0,1271.6,6424960,9217592931.3,149782,HDFCBANK,1447.0,1450.0499999999997,1447.0,1450.0499999999997
2022-10-17,EQ,1435.0,1457.6,1427.0,1439.0,1445.45,1446.55,1443.39,1725.0,1271.6,9205250,13286764094.4,185541,HDFCBANK,1457.6,1455.8199999999997,1457.6,1455.8199999999997
2022-10-18,EQ,1458.05,1462.9,1440.0,1446.55,1442.85,1443.85,1449.88,1725.0,1271.6,5280554,7656144753.65,144735,HDFCBANK,1462.9,1462.4899999999998,1462.9,1462.4899999999998
2022-10-19,EQ,1464.0,1477.4,1453.4,1443.85,1459.95,1458.65,1464.96,1725.0,1271.6,6483520,9498087668.1,186569,HDFCBANK,1477.4,1469.5249999999999,1477.4,1469.5249999999999
2022-10-20,EQ,1444.0,1452.9,1442.5,1458.65,1449.05,1448.8,1447.55,1725.0,1271.6,3949039,5716441334.25,149480,HDFCBANK,1452.9,1474.4149999999997,1452.9,1474.4149999999997
2022-10-21,EQ,1452.0,1457.65,1434.0,1448.8,1442.3,1438.6,1446.76,1725.0,1271.6,5246303,7590143970.3,112584,HDFCBANK,1457.65,1479.2499999999998,1457.65,1479.2499999999998
2022-10-24,EQ,1454.3,1463.0,1454.3,1438.6,1458.85,1461.05,1460.44,1722.1,1271.6,1083897,1582962572.75,44924,HDFCBANK,1463.0,1486.2699999999998,1463.0,1486.2699999999998
2022-10-25,EQ,1461.1,1467.8,1445.0,1461.05,1447.4,1450.9,1456.91,1722.1,1271.6,6886697,10033274401.0,174010,HDFCBANK,1467.8,1490.9999999999998,1467.8,1490.9999999999998
2022-10-27,EQ,1464.5,1467.35,1451.25,1450.9,1456.0,1454.4,1457.9,1722.1,1271.6,7968638,11617489645.45,167453,HDFCBANK,1467.35,1498.3849999999998,1467.35,1498.3849999999998
2022-10-28,EQ,1450.0,1467.0,1447.4,1454.4,1459.95,1458.7,1459.47,1722.1,1271.6,5237139,7643452528.1,142985,HDFCBANK,1467.0,1514.06,1467.0,1514.06
2022-10-31,EQ,1472.0,1498.0,1467.25,1458.7,1495.9,1496.7,1487.44,1722.1,1271.6,6415264,9542306136.5,197801,HDFCBANK,1498.0,1529.6949999999997,1498.0,1529.6949999999997
2022-11-01,EQ,1503.5,1529.0,1498.9,1496.7,1513.5,1513.25,1519.63,1722.1,1271.6,9536878,14492530604.2,209190,HDFCBANK,1529.0,1541.9249999999997,1529.0,1541.9249999999997
2022-11-02,EQ,1517.0,1528.25,1511.6,1513.25,1514.95,1514.2,1520.14,1722.1,1271.6,6360203,9668407272.05,134056,HDFCBANK,1528.25,1553.8899999999996,1528.25,1553.8899999999996
2022-11-03,EQ,1497.7,1520.25,1497.0,1514.2,1507.45,1507.55,1511.46,1722.1,1271.6,5166176,7808453715.85,158632,HDFCBANK,1520.25,1564.2849999999994,1520.25,1564.2849999999994
2022-11-04,EQ,1503.2,1516.1,1489.6,1507.55,1497.1,1497.15,1497.96,1722.1,1271.6,5409030,8102528471.55,150429,HDFCBANK,1516.1,1574.9199999999996,1516.1,1574.9199999999996
2022-11-07,EQ,1510.0,1512.0,1492.1,1497.15,1510.25,1508.8,1501.97,1722.1,1271.6,4917917,7386587082.6,123611,HDFCBANK,1512.0,1584.9399999999996,1512.0,1584.9399999999996
2022-11-09,EQ,1515.05,1517.95,1504.0,1508.8,1508.0,1508.35,1511.66,1722.1,1271.6,4634895,7006381268.25,99843,HDFCBANK,1517.95,1593.5599999999997,1517.95,1593.5599999999997
2022-11-10,EQ,1497.1,1527.0,1495.05,1508.35,1527.0,1524.75,1511.37,1722.1,1271.6,6387091,9653235507.4,139631,HDFCBANK,1527.0,1602.6399999999996,1527.0,1602.6399999999996
2022-11-11,EQ,1545.0,1637.0,1538.0,1524.75,1611.9,1611.15,1599.68,1722.1,1271.6,28361169,45368789544.6,611619,HDFCBANK,1637.0,1612.6799999999996,1637.0,1612.6799999999996
2022-11-14,EQ,1612.0,1628.0,1598.0,1611.15,1615.0,1615.05,1613.89,1722.1,1271.6,9597695,15489657292.1,254705,HDFCBANK,1628.0,1613.3299999999995,1628.0,1613.3299999999995
2022-11-15,EQ,1623.15,1623.15,1605.25,1615.05,1622.0,1619.0,1614.94,1722.1,1271.6,5515101,8906572969.0,158707,HDFCBANK,1623.15,1611.8499999999997,1623.15,1611.8499999999997
2022-11-16,EQ,1618.65,1642.0,1612.0,1619.0,1630.0,1632.9,1630.44,1722.1,1271.6,6789075,11069179609.25,208132,HDFCBANK,1642.0,1609.7349999999997,1642.0,1609.7349999999997
2022-11-17,EQ,1618.1,1631.55,1613.9,1632.9,1617.0,1618.15,1623.76,1722.1,1271.6,6050465,9824511118.7,133033,HDFCBANK,1631.55,1607.2899999999997,1631.55,1607.2899999999997
2022-11-18,EQ,1621.0,1623.0,1605.25,1618.15,1612.05,1613.9,1611.71,1722.1,1271.6,5229616,8428647397.7,155906,HDFCBANK,1623.0,1607.4249999999997,1623.0,1607.4249999999997
2022-11-21,EQ,1607.65,1612.0,1590.2,1613.9,1597.1,1597.35,1597.33,1722.1,1271.6,4172408,6664713134.4,156009,HDFCBANK,1612.0,1606.745,1612.0,1606.745
2022-11-22,EQ,1600.0,1604.35,1591.0,1597.35,1597.0,1595.0,1596.15,1722.1,1271.6,4273157,6820613224.25,159221,HDFCBANK,1604.35,1608.3049999999998,1604.35,1608.3049999999998
2022-11-23,EQ,1605.0,1605.0,1594.0,1595.0,1596.8,1599.15,1598.79,1722.1,1271.6,5092869,8142453343.3,124888,HDFCBANK,1605.0,1609.9199999999998,1605.0,1609.9199999999998
2022-11-24,EQ,1605.95,1632.0,1599.15,1599.15,1627.6,1625.15,1614.59,1722.1,1271.6,8598980,13883849723.65,161678,HDFCBANK,1632.0,1611.05,1632.0,1611.05
2022-11-25,EQ,1629.7,1631.7,1614.1,1625.15,1617.0,1617.65,1620.31,1722.1,1271.6,4205248,6813792904.55,117799,HDFCBANK,1631.7,1610.4850000000001,1631.7,1610.4850000000001
2022-11-28,EQ,1602.9,1607.45,1594.05,1617.65,1600.5,1600.25,1600.57,1722.1,1271.6,8052990,12889397052.7,165436,HDFCBANK,1607.45,1611.825,1607.45,1611.825
2022-11-29,EQ,1597.25,1612.35,1592.85,1600.25,1600.0,1597.85,1602.17,1722.1,1271.6,6319118,10124273482.9,186705,HDFCBANK,1612.35,1616.175,1612.35,1616.175
2022-11-30,EQ,1597.1,1612.9,1597.1,1597.85,1611.9,1608.45,1603.75,1722.1,1271.6,7592403,12176299410.4,137140,HDFCBANK,1612.9,1621.2199999999998,1612.9,1621.2199999999998
2022-12-01,EQ,1622.0,1637.0,1615.0,1608.45,1618.0,1619.5,1625.06,1722.1,1271.6,10223183,16613268315.75,223935,HDFCBANK,1637.0,1626.6,1637.0,1626.6
2022-12-02,EQ,1610.0,1618.6,1605.15,1619.5,1607.75,1607.1,1609.97,1722.1,1271.6,3905539,6287798248.0,157768,HDFCBANK,1618.6,1627.8299999999997,1618.6,1627.8299999999997
2022-12-05,EQ,1609.95,1614.6,1596.2,1607.1,1613.0,1612.95,1604.77,1722.1,1271.6,5796311,9301737289.5,198169,HDFCBANK,1614.6,1631.0849999999996,1614.6,1631.0849999999996
2022-12-06,EQ,1601.0,1613.7,1600.0,1612.95,1612.95,1611.15,1607.2,1722.1,1271.6,6176546,9926951123.55,152759,HDFCBANK,1613.7,1634.2649999999996,1613.7,1634.2649999999996
2022-12-07,EQ,1614.15,1618.6,1604.45,1611.15,1611.0,1610.45,1610.02,1722.1,1271.6,5837360,9398261261.05,175386,HDFCBANK,1618.6,1636.4899999999996,1618.6,1636.4899999999996
2022-12-08,EQ,1610.0,1626.0,1605.0,1610.45,1620.0,1619.5,1615.97,1722.1,1271.6,7401817,11961138033.6,162638,HDFCBANK,1626.0,1637.2049999999995,1626.0,1637.2049999999995
2022-12-09,EQ,1626.0,1634.85,1620.0,1619.5,1630.15,1631.05,1626.86,1722.1,1271.6,5981692,9731403133.75,142195,HDFCBANK,1634.85,1636.4599999999996,1634.85,1636.4599999999996
2022-12-12,EQ,1625.0,1653.6,1621.4,1631.05,1642.8,1643.75,1643.67,1722.1,1271.6,7217404,11863026689.8,191429,HDFCBANK,1653.6,1633.1199999999994,1653.6,1633.1199999999994
2022-12-13,EQ,1650.0,1657.0,1645.0,1643.75,1645.3,1648.3,1651.67,1722.1,1271.6,8515851,14065339215.85,165451,HDFCBANK,1657.0,1631.6899999999996,1657.0,1631.6899999999996
2022-12-14,EQ,1653.0,1665.5,1650.0,1648.3,1660.0,1662.25,1658.28,1722.1,1271.6,7113820,11796681944.4,183221,HDFCBANK,1665.5,1629.9699999999998,1665.5,1629.9699999999998
2022-12-15,EQ,1657.05,1669.4,1627.05,1662.25,1630.0,1631.8,1659.58,1722.1,1271.6,9091324,15087760729.0,145032,HDFCBANK,1669.4,1626.7249999999997,1669.4,1626.7249999999997
2022-12-16,EQ,1620.05,1645.1,1609.0,1631.8,1635.2,1639.65,1634.08,1722.1,1271.6,7323979,11968001262.3,177618,HDFCBANK,1645.1,1627.6749999999997,1645.1,1627.6749999999997
2022-12-19,EQ,1644.0,1646.65,1626.2,1639.65,1645.9,1644.75,1636.95,1722.1,1271.6,4802271,7861087915.35,111511,HDFCBANK,1646.65,1626.5249999999996,1646.65,1626.5249999999996
2022-12-20,EQ,1620.2,1636.4,1620.2,1644.75,1635.0,1633.4,1630.1,1722.1,1271.6,3587349,5847749606.55,94981,HDFCBANK,1636.4,1624.9199999999996,1636.4,1624.9199999999996
2022-12-21,EQ,1641.0,1644.8,1606.55,1633.4,1620.0,1617.6,1625.86,1722.1,1271.6,4634599,7535206897.25,155853,HDFCBANK,1644.8,1625.5149999999999,1644.8,1625.5149999999999
2022-12-22,EQ,1622.2,1627.5,1609.0,1617.6,1612.85,1612.05,1617.13,1722.1,1271.6,4873548,7881152431.2,156615,HDFCBANK,1627.5,1624.7599999999998,1627.5,1624.7599999999998
2022-12-23,EQ,1587.0,1604.15,1585.45,1612.05,1599.0,1597.65,1596.11,1722.1,1271.6,5346576,8533738599.5,161132,HDFCBANK,1604.15,1623.5249999999999,1604.15,1623.5249999999999
2022-12-26,EQ,1599.5,1639.0,1590.0,1597.65,1628.95,1629.45,1617.09,1722.1,1271.6,4953661,8010532444.25,127280,HDFCBANK,1639.0,1623.1999999999998,1639.0,1623.1999999999998
2022-12-27,EQ,1633.0,1635.95,1613.5,1629.45,1630.9,1631.1,1622.27,1722.1,1271.6,3963386,6429669607.95,101780,HDFCBANK,1635.95,1620.0049999999997,1635.95,1620.0049999999997
2022-12-28,EQ,1623.1,1633.0,1623.1,1631.1,1628.5,1629.8,1628.46,1722.1,1271.6,4345935,7077164442.15,143232,HDFCBANK,1633.0,1613.7249999999997,1633.0,1613.7249999999997
2022-12-29,EQ,1620.1,1643.5,1611.0,1629.8,1639.1,1641.3,1629.83,1722.1,1271.6,5506448,8974549942.25,204767,HDFCBANK,1643.5,1609.8349999999996,1643.5,1609.8349999999996
2022-12-30,EQ,1645.0,1645.0,1620.0,1641.3,1630.0,1628.15,1632.15,1722.1,1271.6,3561320,5812610084.2,138629,HDFCBANK,1645.0,1605.6449999999998,1645.0,1605.6449999999998
2023-01-02,EQ,1627.0,1639.75,1618.55,1628.15,1628.15,1628.7,1629.49,1722.1,1271.6,2190689,3569697184.0,89456,HDFCBANK,1639.75,1602.8949999999998,1639.75,1602.8949999999998
2023-01-03,EQ,1622.2,1643.0,1622.2,1628.7,1640.5,1639.35,1634.63,1722.1,1271.6,4189015,6847495805.65,102047,HDFCBANK,1643.0,1598.5549999999996,1643.0,1598.5549999999996
2023-01-04,EQ,1635.0,1645.75,1607.0,1639.35,1610.3,1610.05,1622.71,1722.1,1271.6,5175800,8398837748.0,164250,HDFCBANK,1645.75,1595.5099999999995,1645.75,1595.5099999999995
2023-01-05,EQ,1615.0,1618.05,1589.4,1610.05,1599.95,1599.7,1602.26,1722.1,1271.6,5470718,8765509490.95,193143,HDFCBANK,1618.05,1598.2349999999994,1618.05,1598.2349999999994
2023-01-06,EQ,1602.0,1609.1,1578.2,1599.7,1594.05,1594.4,1592.77,1722.1,1271.6,4546231,7241079692.35,147775,HDFCBANK,1609.1,1602.6749999999995,1609.1,1602.6749999999995
2023-01-09,EQ,1596.0,1611.55,1590.0,1594.4,1597.95,1597.5,1601.83,1722.1,1271.6,5364670,8593288222.1,164427,HDFCBANK,1611.55,1609.3299999999995,1611.55,1609.3299999999995
2023-01-10,EQ,1600.0,1600.0,1565.0,1597.5,1570.0,1568.3,1572.13,1722.1,1271.6,8185883,12869232604.25,290553,HDFCBANK,1600.0,1616.8899999999996,1600.0,1616.8899999999996
2023-01-11,EQ,1567.95,1598.0,1560.0,1568.3,1589.0,1590.9,1585.27,1722.1,1271.6,7597899,12044752262.45,263176,HDFCBANK,1598.0,1629.6099999999997,1598.0,1629.6099999999997
2023-01-12,EQ,1587.8,1603.9,1584.15,1590.9,1597.0,1599.4,1593.76,1722.1,1271.6,4625035,7371203643.65,160323,HDFCBANK,1603.9,1635.3849999999998,1603.9,1635.3849999999998
2023-01-13,EQ,1598.75,1609.9,1586.0,1599.4,1601.0,1600.65,1598.66,1722.1,1271.6,4622273,7389463181.3,149441,HDFCBANK,1609.9,1637.0249999999996,1609.9,1637.0249999999996
2023-01-16,EQ,1615.0,1621.3,1580.3,1600.65,1585.8,1585.3,1600.14,1722.1,1271.6,7374047,11799532275.45,216647,HDFCBANK,1621.3,1638.3749999999995,1621.3,1638.3749999999995
2023-01-17,EQ,1589.8,1611.0,1577.5,1585.3,1607.45,1608.9,1602.4,1722.1,1271.6,5393177,8642051691.35,136682,HDFCBANK,1611.0,1640.1949999999997,1611.0,1640.1949999999997
2023-01-18,EQ,1605.0,1641.6,1599.7,1608.9,1637.15,1637.3,1631.33,1722.1,1271.6,9545321,15571575456.3,273645,HDFCBANK,1641.6,1642.0599999999995,1641.6,1642.0599999999995
2023-01-19,EQ,1637.0,1650.0,1633.0,1637.3,1640.1,1644.1,1643.36,1722.1,1271.6,5586081,9179947870.95,212074,HDFCBANK,1650.0,1638.6649999999995,1650.0,1638.6649999999995
2023-01-20,EQ,1644.1,1669.0,1643.4,1644.1,1659.25,1660.95,1661.6,1722.1,1271.6,9421702,15655096016.05,183678,HDFCBANK,1669.0,1640.1349999999995,1669.0,1640.1349999999995
2023-01-23,EQ,1666.25,1682.6,1661.4,1660.95,1671.9,1673.1,1674.88,1722.1,1271.6,7722200,12933789977.65,302449,HDFCBANK,1682.6,1639.2149999999995,1682.6,1639.2149999999995
2023-01-24,EQ,1675.05,1702.4,1675.0,1673.1,1693.0,1695.5,1692.57,1722.1,1271.6,12491970,21143517490.3,229064,HDFCBANK,1702.4,1637.3249999999996,1702.4,1637.3249999999996
2023-01-25,EQ,1691.4,1692.95,1645.3,1695.5,1649.7,1648.65,1657.89,1722.1,1271.6,7352071,12188918619.35,190090,HDFCBANK,1692.95,1633.1749999999997,1692.95,1633.1749999999997
2023-01-27,EQ,1632.0,1637.0,1589.95,1648.65,1614.8,1615.8,1614.04,1722.1,1271.6,17589974,28390935612.35,364306,HDFCBANK,1637.0,1633.3649999999996,1637.0,1633.3649999999996
2023-01-30,EQ,1595.0,1625.3,1582.0,1615.8,1617.4,1614.15,1603.35,1722.1,1271.6,9256411,14841278614.15,282514,HDFCBANK,1625.3,1637.4949999999997,1625.3,1637.4949999999997
2023-01-31,EQ,1619.7,1622.7,1595.0,1614.15,1605.8,1603.5,1606.73,1722.1,1271.6,9298122,14939588504.95,313012,HDFCBANK,1622.7,1641.9149999999997,1622.7,1641.9149999999997
2023-02-01,EQ,1624.0,1665.0,1606.0,1603.5,1625.5,1627.55,1633.55,1722.1,1271.6,8651395,14132476806.6,230246,HDFCBANK,1665.0,1648.935,1665.0,1648.935
2023-02-02,EQ,1608.1,1624.5,1588.75,1627.55,1605.7,1603.35,1601.95,1722.1,1271.6,8748553,14014786208.0,272747,HDFCBANK,1624.5,1653.2099999999998,1624.5,1653.2099999999998
2023-02-03,EQ,1611.0,1660.5,1607.0,1603.35,1658.25,1658.8,1641.97,1722.1,1271.6,7205550,11831279561.5,296046,HDFCBANK,1660.5,1659.3,1660.5,1659.3
2023-02-06,EQ,1660.0,1669.4,1646.2,1658.8,1650.0,1651.75,1656.81,1722.1,1271.6,5583836,9251344923.6,160975,HDFCBANK,1669.4,1659.0099999999998,1669.4,1659.0099999999998
2023-02-07,EQ,1659.4,1664.9,1632.6,1651.75,1652.0,1654.2,1650.73,1722.1,1271.6,5132294,8472010812.25,154701,HDFCBANK,1664.9,1657.8700000000001,1664.9,1657.8700000000001
2023-02-08,EQ,1654.25,1668.2,1650.0,1654.2,1652.0,1654.0,1658.26,1722.1,1271.6,4222413,7001861740.25,122581,HDFCBANK,1668.2,1657.1,1668.2,1657.1
2023-02-09,EQ,1660.0,1661.65,1635.55,1654.0,1650.2,1650.55,1646.47,1722.1,1271.6,5888668,9695534662.35,156658,HDFCBANK,1661.65,1653.1200000000001,1661.65,1653.1200000000001
2023-02-10,EQ,1648.8,1658.5,1642.2,1650.55,1652.3,1657.1,1652.8,1722.1,1271.6,4086058,6753456557.5,112380,HDFCBANK,1658.5,1648.39,1658.5,1648.39
2023-02-13,EQ,1655.0,1661.75,1644.55,1657.1,1658.8,1658.35,1653.05,1722.1,1271.6,2868472,4741728896.75,128413,HDFCBANK,1661.75,1641.5750000000003,1661.75,1641.5750000000003
2023-02-14,EQ,1665.0,1677.5,1657.95,1658.35,1672.0,1673.7,1667.58,1722.1,1271.6,5454296,9095501854.7,188196,HDFCBANK,1677.5,1635.0300000000004,1677.5,1635.0300000000004
2023-02-15,EQ,1678.0,1678.0,1656.75,1673.7,1670.0,1670.3,1666.6,1722.1,1271.6,5719356,9531863377.0,131147,HDFCBANK,1678.0,1627.6200000000003,1678.0,1627.6200000000003
2023-02-16,EQ,1673.2,1681.9,1661.0,1670.3,1663.45,1664.25,1674.01,1722.1,1271.6,4031250,6748366478.8,112501,HDFCBANK,1681.9,1620.3950000000004,1681.9,1620.3950000000004
2023-02-17,EQ,1661.0,1668.15,1642.95,1664.25,1656.0,1655.9,1654.92,1722.1,1271.6,4478135,7410951450.25,116571,HDFCBANK,1668.15,1612.4150000000004,1668.15,1612.4150000000004
2023-02-20,EQ,1660.0,1669.45,1634.8,1655.9,1640.5,1640.35,1653.1,1722.1,1271.6,4043353,6684047187.45,161532,HDFCBANK,1669.45,1608.4150000000004,1669.45,1608.4150000000004
2023-02-21,EQ,1640.0,1662.35,1634.0,1640.35,1649.95,1646.5,1647.5,1722.1,1271.6,6194648,10205667202.4,167166,HDFCBANK,1662.35,1607.1100000000004,1662.35,1607.1100000000004
2023-02-22,EQ,1639.0,1641.95,1609.05,1646.5,1614.2,1614.2,1622.7,1722.1,1271.6,5179551,8404852589.05,139134,HDFCBANK,1641.95,1605.1900000000003,1641.95,1605.1900000000003
2023-02-23,EQ,1613.0,1618.85,1592.1,1614.2,1604.0,1603.25,1603.0,1722.1,1271.6,13941005,22347475793.5,227065,HDFCBANK,1618.85,1606.8250000000003,1618.85,1606.8250000000003
2023-02-24,EQ,1617.9,1617.9,1585.2,1603.25,1588.5,1588.95,1594.44,1722.1,1271.6,8530870,13601992894.9,179066,HDFCBANK,1617.9,1609.5700000000002,1617.9,1609.5700000000002
2023-02-27,EQ,1585.9,1599.0,1577.3,1588.95,1598.65,1592.9,1590.06,1722.1,1271.6,7156486,11379244627.25,143487,HDFCBANK,1599.0,1609.5400000000002,1599.0,1609.5400000000002
2023-02-28,EQ,1592.0,1605.3,1588.7,1592.9,1603.0,1599.6,1597.73,1722.1,1271.6,9496996,15173665803.8,128911,HDFCBANK,1605.3,1607.105,1605.3,1607.105
2023-03-01,EQ,1612.0,1613.0,1595.75,1599.6,1599.0,1598.05,1601.75,1722.1,1271.6,7068628,11322167673.75,170088,HDFCBANK,1613.0,1603.5800000000002,1613.0,1603.5800000000002
2023-03-02,EQ,1594.0,1605.95,1582.0,1598.05,1583.9,1584.45,1591.8,1722.1,1271.6,8695907,13842164334.75,145929,HDFCBANK,1605.95,1597.9650000000001,1605.95,1597.9650000000001
2023-03-03,EQ,1596.0,1620.0,1588.0,1584.45,1615.25,1615.9,1610.57,1722.1,1271.6,7493117,12068176740.3,147003,HDFCBANK,1620.0,1594.71,1620.0,1594.71
2023-03-06,EQ,1620.0,1639.45,1618.05,1615.9,1628.35,1627.3,1631.52,1722.1,1271.6,13502355,22029357861.45,170565,HDFCBANK,1639.45,1590.385,1639.45,1590.385
2023-03-06,EQ,1620.0,1639.45,1618.05,1615.9,1628.35,1627.3,1631.52,1722.1,1271.6,13502355,22029357861.45,170565,HDFCBANK,1639.45,1583.8300000000002,1639.45,1583.8300000000002
2023-03-08,EQ,1620.0,1639.5,1620.0,1627.3,1630.0,1630.55,1628.76,1722.1,1271.6,10049887,16368828094.5,169090,HDFCBANK,1639.5,1579.0450000000003,1639.5,1579.0450000000003
2023-03-09,EQ,1629.95,1645.95,1627.0,1630.55,1630.0,1630.7,1636.24,1722.1,1271.6,10350083,16935218497.4,138340,HDFCBANK,1645.95,1573.5700000000002,1645.95,1573.5700000000002
2023-03-10,EQ,1610.45,1613.75,1585.0,1630.7,1588.1,1588.65,1594.45,1722.1,1271.6,13693500,21833568464.5,216265,HDFCBANK,1613.75,1566.815,1613.75,1566.815
2023-03-13,EQ,1587.9,1603.8,1564.95,1588.65,1571.5,1568.55,1584.5,1722.1,1271.6,13221775,20949879575.0,164259,HDFCBANK,1603.8,1564.015,1603.8,1564.015
2023-03-14,EQ,1570.25,1583.6,1559.3,1568.55,1568.0,1564.35,1570.59,1722.1,1271.6,16592806,26060511633.95,193032,HDFCBANK,1583.6,1563.9050000000002,1583.6,1563.9050000000002
2023-03-15,EQ,1578.0,1582.9,1536.6,1564.35,1542.95,1541.9,1559.54,1722.1,1271.6,18632377,29058023463.95,209694,HDFCBANK,1582.9,1565.4900000000002,1582.9,1565.4900000000002
2023-03-16,EQ,1539.0,1559.1,1532.05,1541.9,1552.1,1551.9,1547.23,1722.1,1271.6,10876671,16828724100.65,225162,HDFCBANK,1559.1,1570.0800000000004,1559.1,1570.0800000000004
2023-03-17,EQ,1557.5,1579.2,1540.0,1551.9,1578.65,1572.65,1555.94,1722.1,1271.6,11475438,17855050758.6,177856,HDFCBANK,1579.2,1575.8450000000003,1579.2,1575.8450000000003
2023-03-20,EQ,1567.95,1568.1,1545.4,1572.65,1563.0,1561.75,1554.24,1722.1,1271.6,13251557,20596124335.4,194499,HDFCBANK,1568.1,1579.6350000000002,1568.1,1579.6350000000002
2023-03-21,EQ,1571.95,1582.5,1556.2,1561.75,1577.3,1579.45,1566.2,1722.1,1271.6,16525247,25881767757.5,166646,HDFCBANK,1582.5,1588.8350000000003,1582.5,1588.8350000000003
2023-03-22,EQ,1584.0,1586.05,1565.3,1579.45,1573.7,1575.8,1573.31,1722.1,1271.6,7088662,11152657442.95,139019,HDFCBANK,1586.05,1597.525,1586.05,1597.525
2023-03-23,EQ,1567.75,1590.35,1558.55,1575.8,1561.0,1563.15,1576.46,1722.1,1271.6,14182089,22357556930.9,171995,HDFCBANK,1590.35,1605.7900000000004,1590.35,1605.7900000000004
2023-03-24,EQ,1560.0,1573.9,1554.95,1563.15,1559.65,1560.65,1565.66,1722.1,1271.6,15738874,24641790955.35,171286,HDFCBANK,1573.9,1615.8050000000003,1573.9,1615.8050000000003
2023-03-27,EQ,1562.2,1579.45,1558.9,1560.65,1560.7,1567.45,1569.43,1722.1,1271.6,15936003,25010512320.0,171004,HDFCBANK,1579.45,1628.2300000000002,1579.45,1628.2300000000002
2023-03-28,EQ,1565.7,1582.9,1564.1,1567.45,1581.6,1580.2,1574.78,1722.1,1271.6,19638151,30925814365.9,195952,HDFCBANK,1582.9,1640.7300000000002,1582.9,1640.7300000000002
2023-03-29,EQ,1584.0,1602.0,1581.9,1580.2,1593.0,1587.8,1591.4,1722.1,1271.6,19881806,31639848468.25,208681,HDFCBANK,1602.0,1649.3750000000005,1602.0,1649.3750000000005
2023-03-31,EQ,1595.6,1612.95,1592.4,1587.8,1609.0,1609.55,1601.95,1722.1,1271.6,17355614,27802879066.75,213559,HDFCBANK,1612.95,1656.5550000000003,1612.95,1656.5550000000003
2023-04-03,EQ,1607.55,1615.7,1602.75,1609.55,1609.9,1610.55,1608.28,1722.1,1271.6,20012699,32185970936.5,165016,HDFCBANK,1615.7,1662.1700000000005,1615.7,1662.1700000000005
2023-04-05,EQ,1618.6,1656.0,1616.0,1610.55,1654.0,1653.75,1647.03,1722.1,1271.6,21682696,35712051912.4,285701,HDFCBANK,1656.0,1668.3050000000003,1656.0,1668.3050000000003
2023-04-06,EQ,1648.55,1669.2,1647.1,1653.75,1666.0,1666.35,1659.15,1722.1,1271.6,22318672,37029976857.6,233336,HDFCBANK,1669.2,1670.39,1669.2,1670.39
2023-04-10,EQ,1663.25,1671.0,1654.0,1666.35,1655.15,1658.45,1662.14,1702.4,1271.6,15906643,26439042028.15,138726,HDFCBANK,1671.0,1672.5700000000002,1671.0,1672.5700000000002
2023-04-11,EQ,1659.0,1669.4,1651.1,1658.45,1664.95,1663.3,1662.57,1702.4,1271.6,21180771,35214468680.05,200423,HDFCBANK,1669.4,1673.14,1669.4,1673.14
