,SYMBOL,DATE,OPEN,HIGH,LOW,CLOSE,52W H,52W L,Indicator1,Indicator2,Indicator3,Indicator4,BuySellSignal,Remarks,TotalAmount
0,HDFCBANK,2022-07-06,1348.0,1373.4,1347.1,1371.25,1725.0,1271.6,1373.4,1344.49,1373.4,1344.49,Hold,,
1,HDFCBANK,2022-07-07,1380.0,1398.0,1374.45,1395.8,1725.0,1271.6,1398.0,1344.955,1398.0,1344.955,Hold,,
2,HDFCBANK,2022-07-08,1410.0,1410.0,1394.75,1397.1,1725.0,1271.6,1410.0,1345.47,1410.0,1345.47,Hold,,
3,HDFCBANK,2022-07-11,1394.0,1409.9,1393.25,1406.15,1725.0,1271.6,1409.9,1345.9009999999998,1409.9,1345.9009999999998,Hold,,
4,HDFCBANK,2022-07-12,1405.25,1405.25,1389.4,1391.8,1725.0,1271.6,1405.25,1345.6629999999998,1405.25,1345.6629999999998,Hold,,
5,HDFCBANK,2022-07-13,1390.0,1394.2,1354.25,1357.85,1725.0,1271.6,1394.2,1345.7,1394.2,1345.7,Hold,,
6,HDFCBANK,2022-07-14,1362.0,1372.65,1349.25,1351.05,1725.0,1271.6,1372.65,1345.662,1372.65,1345.662,Hold,,
7,HDFCBANK,2022-07-15,1353.0,1364.9,1346.8,1362.05,1725.0,1271.6,1364.9,1346.5510000000002,1364.9,1346.5510000000002,Hold,,
8,HDFCBANK,2022-07-18,1348.0,1366.1,1342.05,1347.55,1725.0,1271.6,1366.1,1347.105,1366.1,1347.105,Hold,,
9,HDFCBANK,2022-07-19,1337.0,1358.55,1337.0,1348.05,1725.0,1271.6,1358.55,1347.245,1358.55,1347.245,Hold,,
10,HDFCBANK,2022-07-20,1359.9,1371.1,1355.25,1365.05,1725.0,1271.6,1371.1,1347.5739999999998,1371.1,1347.5739999999998,Hold,,
11,HDFCBANK,2022-07-21,1360.55,1369.5,1358.1,1360.75,1725.0,1271.6,1369.5,1348.7279999999998,1369.5,1348.7279999999998,Hold,,
12,HDFCBANK,2022-07-22,1366.0,1397.0,1362.4,1392.5,1725.0,1271.6,1397.0,1350.7509999999997,1397.0,1350.7509999999997,Hold,,
13,HDFCBANK,2022-07-25,1395.0,1404.6,1383.3,1396.6,1725.0,1271.6,1404.6,1352.5809999999997,1404.6,1352.5809999999997,Hold,,
14,HDFCBANK,2022-07-26,1396.0,1402.0,1386.3,1393.75,1725.0,1271.6,1402.0,1354.1759999999997,1402.0,1354.1759999999997,Hold,,
15,HDFCBANK,2022-07-27,1388.9,1406.0,1384.25,1404.4,1725.0,1271.6,1406.0,1355.9859999999999,1406.0,1355.9859999999999,Hold,,
16,HDFCBANK,2022-07-28,1415.05,1424.0,1411.0,1416.85,1725.0,1271.6,1424.0,1358.5819999999999,1424.0,1358.5819999999999,Hold,,
17,HDFCBANK,2022-07-29,1438.0,1438.6,1415.3,1434.2,1725.0,1271.6,1438.6,1360.8469999999998,1438.6,1360.8469999999998,Hold,,
18,HDFCBANK,2022-08-01,1439.0,1448.45,1430.05,1446.15,1725.0,1271.6,1448.45,1363.6899999999996,1448.45,1363.6899999999996,Hold,,
19,HDFCBANK,2022-08-02,1442.0,1444.6,1423.05,1430.25,1725.0,1271.6,1444.6,1365.9159999999997,1444.6,1365.9159999999997,Hold,,
20,HDFCBANK,2022-08-03,1424.95,1435.75,1417.0,1433.6,1725.0,1271.6,1435.75,1368.0119999999997,1435.75,1368.0119999999997,Hold,,
21,HDFCBANK,2022-08-04,1440.0,1446.7,1412.95,1431.9,1725.0,1271.6,1446.7,1369.3159999999998,1446.7,1369.3159999999998,Hold,,
22,HDFCBANK,2022-08-05,1433.0,1436.95,1421.15,1427.05,1725.0,1271.6,1436.95,1370.0159999999998,1436.95,1370.0159999999998,Hold,,
23,HDFCBANK,2022-08-08,1428.0,1464.5,1427.1,1462.05,1725.0,1271.6,1464.5,1371.2259999999997,1464.5,1371.2259999999997,Hold,,
24,HDFCBANK,2022-08-10,1461.35,1471.5,1449.05,1466.3,1725.0,1271.6,1471.5,1372.773,1471.5,1372.773,Hold,,
25,HDFCBANK,2022-08-11,1486.5,1491.0,1474.55,1485.7,1725.0,1271.6,1491.0,1374.5899999999997,1491.0,1374.5899999999997,Hold,,
26,HDFCBANK,2022-08-12,1485.0,1489.3,1475.95,1485.15,1725.0,1271.6,1489.3,1376.5909999999994,1489.3,1376.5909999999994,Hold,,
27,HDFCBANK,2022-08-16,1494.8,1508.5,1488.05,1502.15,1725.0,1271.6,1508.5,1379.0279999999993,1508.5,1379.0279999999993,Hold,,
28,HDFCBANK,2022-08-17,1500.0,1512.75,1485.75,1509.9,1725.0,1271.6,1512.75,1381.6569999999992,1512.75,1381.6569999999992,Hold,,
29,HDFCBANK,2022-08-18,1500.0,1513.9,1499.65,1511.7,1725.0,1271.6,1513.9,1384.638999999999,1513.9,1384.638999999999,Hold,,
30,HDFCBANK,2022-08-19,1510.0,1512.0,1490.0,1493.05,1725.0,1271.6,1512.0,1387.1519999999991,1512.0,1387.1519999999991,Hold,,
31,HDFCBANK,2022-08-22,1484.8,1488.35,1467.7,1470.35,1725.0,1271.6,1488.35,1389.0049999999994,1488.35,1389.0049999999994,Hold,,
32,HDFCBANK,2022-08-23,1453.3,1475.95,1450.4,1465.8,1725.0,1271.6,1475.95,1391.2989999999993,1475.95,1391.2989999999993,Hold,,
33,HDFCBANK,2022-08-24,1461.9,1475.5,1459.2,1472.85,1725.0,1271.6,1475.5,1394.2239999999993,1475.5,1394.2239999999993,Hold,,
34,HDFCBANK,2022-08-25,1479.9,1486.8,1457.0,1464.85,1725.0,1271.6,1486.8,1397.2809999999995,1486.8,1397.2809999999995,Hold,,
35,HDFCBANK,2022-08-26,1472.05,1481.8,1461.2,1465.1,1725.0,1271.6,1481.8,1400.4339999999997,1481.8,1400.4339999999997,Hold,,
36,HDFCBANK,2022-08-29,1437.0,1446.0,1428.6,1439.4,1725.0,1271.6,1446.0,1403.5959999999995,1446.0,1403.5959999999995,Hold,,
37,HDFCBANK,2022-08-30,1446.45,1489.95,1443.1,1486.1,1725.0,1271.6,1489.95,1407.5229999999997,1489.95,1407.5229999999997,Hold,,
38,HDFCBANK,2022-09-01,1464.75,1489.45,1459.0,1472.15,1725.0,1271.6,1489.45,1410.5229999999997,1489.45,1410.5229999999997,Hold,,
39,HDFCBANK,2022-09-02,1472.15,1490.5,1465.2,1485.5,1725.0,1271.6,1490.5,1413.5019999999995,1490.5,1413.5019999999995,Hold,,
40,HDFCBANK,2022-09-05,1486.1,1499.0,1484.1,1495.05,1725.0,1271.6,1499.0,1416.7979999999995,1499.0,1416.7979999999995,Hold,,
41,HDFCBANK,2022-09-06,1498.9,1506.65,1486.45,1489.35,1725.0,1271.6,1506.65,1419.8819999999998,1506.65,1419.8819999999998,Hold,,
42,HDFCBANK,2022-09-07,1471.3,1490.0,1471.3,1482.3,1725.0,1271.6,1490.0,1422.4519999999998,1490.0,1422.4519999999998,Hold,,
43,HDFCBANK,2022-09-08,1490.1,1500.0,1482.15,1497.6,1725.0,1271.6,1500.0,1425.279,1500.0,1425.279,Hold,,
44,HDFCBANK,2022-09-09,1496.2,1509.0,1494.05,1498.6,1725.0,1271.6,1509.0,1428.333,1509.0,1428.333,Hold,,
45,HDFCBANK,2022-09-12,1500.0,1504.0,1490.0,1493.55,1725.0,1271.6,1504.0,1431.3250000000003,1504.0,1431.3250000000003,Hold,,
46,HDFCBANK,2022-09-13,1498.9,1515.9,1498.55,1513.1,1725.0,1271.6,1515.9,1434.6270000000004,1515.9,1434.6270000000004,Hold,,
47,HDFCBANK,2022-09-14,1494.05,1538.9,1492.35,1528.65,1725.0,1271.6,1538.9,1438.1250000000002,1538.9,1438.1250000000002,Hold,,
48,HDFCBANK,2022-09-15,1530.0,1540.95,1512.0,1520.7,1725.0,1271.6,1540.95,1441.4260000000004,1540.95,1441.4260000000004,Hold,,
49,HDFCBANK,2022-09-16,1503.1,1514.7,1483.0,1492.75,1725.0,1271.6,1514.7,1444.2290000000003,1514.7,1444.2290000000003,Hold,,
50,HDFCBANK,2022-09-19,1489.0,1514.0,1480.0,1502.6,1725.0,1271.6,1514.0,1446.8560000000004,1514.0,1446.8560000000004,Hold,,
51,HDFCBANK,2022-09-20,1514.0,1524.0,1509.9,1520.7,1725.0,1271.6,1524.0,1449.3540000000003,1524.0,1449.3540000000003,Hold,,
52,HDFCBANK,2022-09-21,1508.0,1521.5,1505.0,1518.35,1725.0,1271.6,1521.5,1451.7790000000002,1521.5,1451.7790000000002,Hold,,
53,HDFCBANK,2022-09-22,1502.0,1510.15,1482.75,1486.0,1725.0,1271.6,1510.15,1453.3760000000004,1510.15,1453.3760000000004,Hold,,
54,HDFCBANK,2022-09-23,1472.35,1475.0,1437.0,1446.15,1725.0,1271.6,1475.0,1454.4630000000002,1475.0,1454.4630000000002,Hold,,
55,HDFCBANK,2022-09-26,1425.35,1436.45,1418.0,1426.65,1725.0,1271.6,1436.45,1455.839,1436.45,1455.839,Hold,,
56,HDFCBANK,2022-09-27,1432.4,1440.0,1407.0,1413.85,1725.0,1271.6,1440.0,1457.095,1440.0,1457.095,Hold,,
57,HDFCBANK,2022-09-28,1406.0,1410.6,1385.9,1389.55,1725.0,1271.6,1410.6,1457.645,1410.6,1457.645,Hold,,
58,HDFCBANK,2022-09-29,1396.3,1402.2,1378.8,1382.35,1725.0,1271.6,1402.2,1458.3410000000001,1402.2,1458.3410000000001,Hold,,
59,HDFCBANK,2022-09-30,1378.8,1431.45,1365.0,1421.35,1725.0,1271.6,1431.45,1459.807,1431.45,1459.807,Hold,,
60,HDFCBANK,2022-10-03,1409.95,1417.85,1401.1,1413.2,1725.0,1271.6,1417.85,1460.77,1417.85,1460.77,Hold,,
61,HDFCBANK,2022-10-04,1429.5,1458.0,1426.15,1453.0,1725.0,1271.6,1458.0,1462.615,1458.0,1462.615,Hold,,
62,HDFCBANK,2022-10-06,1459.95,1462.6,1434.2,1437.0,1725.0,1271.6,1462.6,1463.505,1462.6,1463.505,Hold,,
63,HDFCBANK,2022-10-07,1430.25,1434.95,1420.35,1430.8,1725.0,1271.6,1434.95,1464.1889999999999,1434.95,1464.1889999999999,Hold,,
64,HDFCBANK,2022-10-10,1408.0,1426.0,1398.2,1415.0,1725.0,1271.6,1426.0,1464.614,1426.0,1464.614,Hold,,
65,HDFCBANK,2022-10-11,1401.1,1417.0,1399.45,1400.65,1725.0,1271.6,1417.0,1464.539,1417.0,1464.539,Hold,,
66,HDFCBANK,2022-10-12,1403.2,1414.85,1397.3,1409.8,1725.0,1271.6,1414.85,1464.398,1414.85,1464.398,Hold,,
67,HDFCBANK,2022-10-13,1402.05,1406.25,1384.0,1393.6,1725.0,1271.6,1406.25,1463.586,1406.25,1463.586,Hold,,
68,HDFCBANK,2022-10-14,1417.0,1447.0,1415.25,1439.0,1725.0,1271.6,1447.0,1463.4430000000002,1447.0,1463.4430000000002,Hold,,
69,HDFCBANK,2022-10-17,1435.0,1457.6,1427.0,1446.55,1725.0,1271.6,1457.6,1463.7690000000002,1457.6,1463.7690000000002,Hold,,
70,HDFCBANK,2022-10-18,1458.05,1462.9,1440.0,1443.85,1725.0,1271.6,1462.9,1463.9740000000002,1462.9,1463.9740000000002,Hold,,
71,HDFCBANK,2022-10-19,1464.0,1477.4,1453.4,1458.65,1725.0,1271.6,1477.4,1464.5090000000002,1477.4,1464.5090000000002,Buy,,8541.35
72,HDFCBANK,2022-10-20,1444.0,1452.9,1442.5,1448.8,1725.0,1271.6,1452.9,1464.9440000000002,1452.9,1464.9440000000002,Sell,Condition Satisfied,9990.15
73,HDFCBANK,2022-10-21,1452.0,1457.65,1434.0,1438.6,1725.0,1271.6,1457.65,1464.4750000000004,1457.65,1464.4750000000004,Hold,,
74,HDFCBANK,2022-10-24,1454.3,1463.0,1454.3,1461.05,1722.1,1271.6,1463.0,1464.3700000000003,1463.0,1464.3700000000003,Hold,,
75,HDFCBANK,2022-10-25,1461.1,1467.8,1445.0,1450.9,1722.1,1271.6,1467.8,1463.6740000000002,1467.8,1463.6740000000002,Buy,,8539.25
76,HDFCBANK,2022-10-27,1464.5,1467.35,1451.25,1454.4,1722.1,1271.6,1467.35,1463.0590000000002,1467.35,1463.0590000000002,Hold,,
77,HDFCBANK,2022-10-28,1450.0,1467.0,1447.4,1458.7,1722.1,1271.6,1467.0,1462.1900000000003,1467.0,1462.1900000000003,Hold,,
78,HDFCBANK,2022-10-31,1472.0,1498.0,1467.25,1496.7,1722.1,1271.6,1498.0,1461.9260000000004,1498.0,1461.9260000000004,Hold,,
79,HDFCBANK,2022-11-01,1503.5,1529.0,1498.9,1513.25,1722.1,1271.6,1529.0,1461.9570000000003,1529.0,1461.9570000000003,Hold,,
80,HDFCBANK,2022-11-02,1517.0,1528.25,1511.6,1514.2,1722.1,1271.6,1528.25,1462.3800000000003,1528.25,1462.3800000000003,Hold,,
81,HDFCBANK,2022-11-03,1497.7,1520.25,1497.0,1507.55,1722.1,1271.6,1520.25,1463.1240000000003,1520.25,1463.1240000000003,Hold,,
82,HDFCBANK,2022-11-04,1503.2,1516.1,1489.6,1497.15,1722.1,1271.6,1516.1,1463.751,1516.1,1463.751,Hold,,
83,HDFCBANK,2022-11-07,1510.0,1512.0,1492.1,1508.8,1722.1,1271.6,1512.0,1464.47,1512.0,1464.47,Hold,,
84,HDFCBANK,2022-11-09,1515.05,1517.95,1504.0,1508.35,1722.1,1271.6,1517.95,1465.34,1517.95,1465.34,Hold,,
85,HDFCBANK,2022-11-10,1497.1,1527.0,1495.05,1524.75,1722.1,1271.6,1527.0,1466.533,1527.0,1466.533,Hold,,
86,HDFCBANK,2022-11-11,1545.0,1637.0,1538.0,1611.15,1722.1,1271.6,1637.0,1469.9679999999998,1637.0,1469.9679999999998,Hold,,
87,HDFCBANK,2022-11-14,1612.0,1628.0,1598.0,1615.05,1722.1,1271.6,1628.0,1472.5469999999998,1628.0,1472.5469999999998,Hold,,
88,HDFCBANK,2022-11-15,1623.15,1623.15,1605.25,1619.0,1722.1,1271.6,1623.15,1475.484,1623.15,1475.484,Hold,,
89,HDFCBANK,2022-11-16,1618.65,1642.0,1612.0,1632.9,1722.1,1271.6,1642.0,1478.4319999999998,1642.0,1478.4319999999998,Hold,,
90,HDFCBANK,2022-11-17,1618.1,1631.55,1613.9,1618.15,1722.1,1271.6,1631.55,1480.8939999999996,1631.55,1480.8939999999996,Hold,,
91,HDFCBANK,2022-11-18,1621.0,1623.0,1605.25,1613.9,1722.1,1271.6,1623.0,1483.3849999999993,1623.0,1483.3849999999993,Hold,,
92,HDFCBANK,2022-11-21,1607.65,1612.0,1590.2,1597.35,1722.1,1271.6,1612.0,1485.6859999999995,1612.0,1485.6859999999995,Hold,,
93,HDFCBANK,2022-11-22,1600.0,1604.35,1591.0,1595.0,1722.1,1271.6,1604.35,1487.6339999999993,1604.35,1487.6339999999993,Hold,,
94,HDFCBANK,2022-11-23,1605.0,1605.0,1594.0,1599.15,1722.1,1271.6,1605.0,1489.644999999999,1605.0,1489.644999999999,Hold,,
95,HDFCBANK,2022-11-24,1605.95,1632.0,1599.15,1625.15,1722.1,1271.6,1632.0,1492.276999999999,1632.0,1492.276999999999,Hold,,
96,HDFCBANK,2022-11-25,1629.7,1631.7,1614.1,1617.65,1722.1,1271.6,1631.7,1494.3679999999988,1631.7,1494.3679999999988,Hold,,
97,HDFCBANK,2022-11-28,1602.9,1607.45,1594.05,1600.25,1722.1,1271.6,1607.45,1495.7999999999988,1607.45,1495.7999999999988,Hold,,
98,HDFCBANK,2022-11-29,1597.25,1612.35,1592.85,1597.85,1722.1,1271.6,1612.35,1497.342999999999,1612.35,1497.342999999999,Hold,,
99,HDFCBANK,2022-11-30,1597.1,1612.9,1597.1,1608.45,1722.1,1271.6,1612.9,1499.656999999999,1612.9,1499.656999999999,Hold,,
100,HDFCBANK,2022-12-01,1622.0,1637.0,1615.0,1619.5,1722.1,1271.6,1637.0,1501.9949999999988,1637.0,1501.9949999999988,Hold,,
101,HDFCBANK,2022-12-02,1610.0,1618.6,1605.15,1607.1,1722.1,1271.6,1618.6,1503.722999999999,1618.6,1503.722999999999,Hold,,
102,HDFCBANK,2022-12-05,1609.95,1614.6,1596.2,1612.95,1722.1,1271.6,1614.6,1505.6149999999989,1614.6,1505.6149999999989,Hold,,
103,HDFCBANK,2022-12-06,1601.0,1613.7,1600.0,1611.15,1722.1,1271.6,1613.7,1508.1179999999988,1613.7,1508.1179999999988,Hold,,
104,HDFCBANK,2022-12-07,1614.15,1618.6,1604.45,1610.45,1722.1,1271.6,1618.6,1511.4039999999989,1618.6,1511.4039999999989,Hold,,
105,HDFCBANK,2022-12-08,1610.0,1626.0,1605.0,1619.5,1722.1,1271.6,1626.0,1515.2609999999988,1626.0,1515.2609999999988,Hold,,
106,HDFCBANK,2022-12-09,1626.0,1634.85,1620.0,1631.05,1722.1,1271.6,1634.85,1519.6049999999989,1634.85,1519.6049999999989,Hold,,
107,HDFCBANK,2022-12-12,1625.0,1653.6,1621.4,1643.75,1722.1,1271.6,1653.6,1524.6889999999987,1653.6,1524.6889999999987,Hold,,
108,HDFCBANK,2022-12-13,1650.0,1657.0,1645.0,1648.3,1722.1,1271.6,1657.0,1530.0079999999987,1657.0,1530.0079999999987,Hold,,
109,HDFCBANK,2022-12-14,1653.0,1665.5,1650.0,1662.25,1722.1,1271.6,1665.5,1534.8259999999987,1665.5,1534.8259999999987,Hold,,
110,HDFCBANK,2022-12-15,1657.05,1669.4,1627.05,1631.8,1722.1,1271.6,1669.4,1539.1979999999987,1669.4,1539.1979999999987,Hold,,
111,HDFCBANK,2022-12-16,1620.05,1645.1,1609.0,1639.65,1722.1,1271.6,1645.1,1542.9309999999987,1645.1,1542.9309999999987,Hold,,
112,HDFCBANK,2022-12-19,1644.0,1646.65,1626.2,1644.75,1722.1,1271.6,1646.65,1547.0859999999986,1646.65,1547.0859999999986,Hold,,
113,HDFCBANK,2022-12-20,1620.2,1636.4,1620.2,1633.4,1722.1,1271.6,1636.4,1551.1379999999983,1636.4,1551.1379999999983,Hold,,
114,HDFCBANK,2022-12-21,1641.0,1644.8,1606.55,1617.6,1722.1,1271.6,1644.8,1555.1899999999985,1644.8,1555.1899999999985,Hold,,
115,HDFCBANK,2022-12-22,1622.2,1627.5,1609.0,1612.05,1722.1,1271.6,1627.5,1559.4179999999988,1627.5,1559.4179999999988,Hold,,
116,HDFCBANK,2022-12-23,1587.0,1604.15,1585.45,1597.65,1722.1,1271.6,1604.15,1563.1749999999986,1604.15,1563.1749999999986,Hold,,
117,HDFCBANK,2022-12-26,1599.5,1639.0,1590.0,1629.45,1722.1,1271.6,1639.0,1567.8919999999985,1639.0,1567.8919999999985,Hold,,
118,HDFCBANK,2022-12-27,1633.0,1635.95,1613.5,1631.1,1722.1,1271.6,1635.95,1571.7339999999986,1635.95,1571.7339999999986,Hold,,
119,HDFCBANK,2022-12-28,1623.1,1633.0,1623.1,1629.8,1722.1,1271.6,1633.0,1575.3989999999985,1633.0,1575.3989999999985,Hold,,
120,HDFCBANK,2022-12-29,1620.1,1643.5,1611.0,1641.3,1722.1,1271.6,1643.5,1579.3479999999984,1643.5,1579.3479999999984,Hold,,
121,HDFCBANK,2022-12-30,1645.0,1645.0,1620.0,1628.15,1722.1,1271.6,1645.0,1582.7379999999985,1645.0,1582.7379999999985,Hold,,
122,HDFCBANK,2023-01-02,1627.0,1639.75,1618.55,1628.7,1722.1,1271.6,1639.75,1586.3359999999984,1639.75,1586.3359999999984,Hold,,
123,HDFCBANK,2023-01-03,1622.2,1643.0,1622.2,1639.35,1722.1,1271.6,1643.0,1590.3509999999983,1643.0,1590.3509999999983,Hold,,
124,HDFCBANK,2023-01-04,1635.0,1645.75,1607.0,1610.05,1722.1,1271.6,1645.75,1593.3309999999983,1645.75,1593.3309999999983,Hold,,
125,HDFCBANK,2023-01-05,1615.0,1618.05,1589.4,1599.7,1722.1,1271.6,1618.05,1596.3069999999984,1618.05,1596.3069999999984,Hold,,
126,HDFCBANK,2023-01-06,1602.0,1609.1,1578.2,1594.4,1722.1,1271.6,1609.1,1599.1069999999984,1609.1,1599.1069999999984,Hold,,
127,HDFCBANK,2023-01-09,1596.0,1611.55,1590.0,1597.5,1722.1,1271.6,1611.55,1601.8829999999984,1611.55,1601.8829999999984,Hold,,
128,HDFCBANK,2023-01-10,1600.0,1600.0,1565.0,1568.3,1722.1,1271.6,1600.0,1603.3149999999985,1600.0,1603.3149999999985,Sell,Condition Satisfied,10107.55
129,HDFCBANK,2023-01-11,1567.95,1598.0,1560.0,1590.9,1722.1,1271.6,1598.0,1604.8679999999983,1598.0,1604.8679999999983,Hold,,
130,HDFCBANK,2023-01-12,1587.8,1603.9,1584.15,1599.4,1722.1,1271.6,1603.9,1606.5719999999983,1603.9,1606.5719999999983,Hold,,
131,HDFCBANK,2023-01-13,1598.75,1609.9,1586.0,1600.65,1722.1,1271.6,1609.9,1608.4339999999982,1609.9,1608.4339999999982,Buy,,8506.9
132,HDFCBANK,2023-01-16,1615.0,1621.3,1580.3,1585.3,1722.1,1271.6,1621.3,1610.1969999999983,1621.3,1610.1969999999983,Sell,Stoploss Hit,10092.199999999999
133,HDFCBANK,2023-01-17,1589.8,1611.0,1577.5,1608.9,1722.1,1271.6,1611.0,1612.1989999999983,1611.0,1612.1989999999983,Hold,,
134,HDFCBANK,2023-01-18,1605.0,1641.6,1599.7,1637.3,1722.1,1271.6,1641.6,1614.7779999999982,1641.6,1614.7779999999982,Buy,,8454.9
135,HDFCBANK,2023-01-19,1637.0,1650.0,1633.0,1644.1,1722.1,1271.6,1650.0,1617.1649999999981,1650.0,1617.1649999999981,Hold,,
136,HDFCBANK,2023-01-20,1644.1,1669.0,1643.4,1660.95,1722.1,1271.6,1669.0,1618.1609999999982,1669.0,1618.1609999999982,Hold,,
137,HDFCBANK,2023-01-23,1666.25,1682.6,1661.4,1673.1,1722.1,1271.6,1682.6,1619.3219999999983,1682.6,1619.3219999999983,Hold,,
138,HDFCBANK,2023-01-24,1675.05,1702.4,1675.0,1695.5,1722.1,1271.6,1702.4,1620.8519999999983,1702.4,1620.8519999999983,Hold,,
139,HDFCBANK,2023-01-25,1691.4,1692.95,1645.3,1648.65,1722.1,1271.6,1692.95,1621.1669999999983,1692.95,1621.1669999999983,Hold,,
140,HDFCBANK,2023-01-27,1632.0,1637.0,1589.95,1615.8,1722.1,1271.6,1637.0,1621.1199999999985,1637.0,1621.1199999999985,Hold,,
141,HDFCBANK,2023-01-30,1595.0,1625.3,1582.0,1614.15,1722.1,1271.6,1625.3,1621.1249999999986,1625.3,1621.1249999999986,Hold,,
142,HDFCBANK,2023-01-31,1619.7,1622.7,1595.0,1603.5,1722.1,1271.6,1622.7,1621.2479999999985,1622.7,1621.2479999999985,Hold,,
143,HDFCBANK,2023-02-01,1624.0,1665.0,1606.0,1627.55,1722.1,1271.6,1665.0,1621.8989999999985,1665.0,1621.8989999999985,Hold,,
144,HDFCBANK,2023-02-02,1608.1,1624.5,1588.75,1603.35,1722.1,1271.6,1624.5,1621.9829999999988,1624.5,1621.9829999999988,Hold,,
145,HDFCBANK,2023-02-03,1611.0,1660.5,1607.0,1658.8,1722.1,1271.6,1660.5,1622.6559999999988,1660.5,1622.6559999999988,Hold,,
146,HDFCBANK,2023-02-06,1660.0,1669.4,1646.2,1651.75,1722.1,1271.6,1669.4,1623.337999999999,1669.4,1623.337999999999,Hold,,
147,HDFCBANK,2023-02-07,1659.4,1664.9,1632.6,1654.2,1722.1,1271.6,1664.9,1624.416999999999,1664.9,1624.416999999999,Hold,,
148,HDFCBANK,2023-02-08,1654.25,1668.2,1650.0,1654.0,1722.1,1271.6,1668.2,1625.5399999999988,1668.2,1625.5399999999988,Hold,,
149,HDFCBANK,2023-02-09,1660.0,1661.65,1635.55,1650.55,1722.1,1271.6,1661.65,1626.381999999999,1661.65,1626.381999999999,Hold,,
150,HDFCBANK,2023-02-10,1648.8,1658.5,1642.2,1657.1,1722.1,1271.6,1658.5,1627.133999999999,1658.5,1627.133999999999,Hold,,
151,HDFCBANK,2023-02-13,1655.0,1661.75,1644.55,1658.35,1722.1,1271.6,1661.75,1628.158999999999,1661.75,1628.158999999999,Hold,,
152,HDFCBANK,2023-02-14,1665.0,1677.5,1657.95,1673.7,1722.1,1271.6,1677.5,1629.3739999999991,1677.5,1629.3739999999991,Hold,,
153,HDFCBANK,2023-02-15,1678.0,1678.0,1656.75,1670.3,1722.1,1271.6,1678.0,1630.5569999999993,1678.0,1630.5569999999993,Hold,,
154,HDFCBANK,2023-02-16,1673.2,1681.9,1661.0,1664.25,1722.1,1271.6,1681.9,1631.6329999999994,1681.9,1631.6329999999994,Hold,,
155,HDFCBANK,2023-02-17,1661.0,1668.15,1642.95,1655.9,1722.1,1271.6,1668.15,1632.3609999999992,1668.15,1632.3609999999992,Hold,,
156,HDFCBANK,2023-02-20,1660.0,1669.45,1634.8,1640.35,1722.1,1271.6,1669.45,1632.5469999999993,1669.45,1632.5469999999993,Hold,,
157,HDFCBANK,2023-02-21,1640.0,1662.35,1634.0,1646.5,1722.1,1271.6,1662.35,1632.6019999999992,1662.35,1632.6019999999992,Hold,,
158,HDFCBANK,2023-02-22,1639.0,1641.95,1609.05,1614.2,1722.1,1271.6,1641.95,1631.9199999999992,1641.95,1631.9199999999992,Hold,,
159,HDFCBANK,2023-02-23,1613.0,1618.85,1592.1,1603.25,1722.1,1271.6,1618.85,1630.739999999999,1618.85,1630.739999999999,Sell,Condition Satisfied,10058.15
160,HDFCBANK,2023-02-24,1617.9,1617.9,1585.2,1588.95,1722.1,1271.6,1617.9,1629.882999999999,1617.9,1629.882999999999,Hold,,
161,HDFCBANK,2023-02-27,1585.9,1599.0,1577.3,1592.9,1722.1,1271.6,1599.0,1628.947999999999,1599.0,1628.947999999999,Hold,,
162,HDFCBANK,2023-02-28,1592.0,1605.3,1588.7,1599.6,1722.1,1271.6,1605.3,1628.0449999999992,1605.3,1628.0449999999992,Hold,,
163,HDFCBANK,2023-03-01,1612.0,1613.0,1595.75,1598.05,1722.1,1271.6,1613.0,1627.3379999999993,1613.0,1627.3379999999993,Hold,,
164,HDFCBANK,2023-03-02,1594.0,1605.95,1582.0,1584.45,1722.1,1271.6,1605.95,1626.674999999999,1605.95,1626.674999999999,Hold,,
165,HDFCBANK,2023-03-03,1596.0,1620.0,1588.0,1615.9,1722.1,1271.6,1620.0,1626.751999999999,1620.0,1626.751999999999,Hold,,
166,HDFCBANK,2023-03-06,1620.0,1639.45,1618.05,1627.3,1722.1,1271.6,1639.45,1627.3449999999991,1639.45,1627.3449999999991,Buy,,8430.85
167,HDFCBANK,2023-03-06,1620.0,1639.45,1618.05,1627.3,1722.1,1271.6,1639.45,1627.3019999999992,1639.45,1627.3019999999992,Sell,Stoploss Hit,10058.15
168,HDFCBANK,2023-03-08,1620.0,1639.5,1620.0,1630.55,1722.1,1271.6,1639.5,1627.2909999999993,1639.5,1627.2909999999993,Hold,,
169,HDFCBANK,2023-03-09,1629.95,1645.95,1627.0,1630.7,1722.1,1271.6,1645.95,1627.308999999999,1645.95,1627.308999999999,Hold,,
170,HDFCBANK,2023-03-10,1610.45,1613.75,1585.0,1588.65,1722.1,1271.6,1613.75,1626.255999999999,1613.75,1626.255999999999,Hold,,
171,HDFCBANK,2023-03-13,1587.9,1603.8,1564.95,1568.55,1722.1,1271.6,1603.8,1625.0639999999992,1603.8,1625.0639999999992,Hold,,
172,HDFCBANK,2023-03-14,1570.25,1583.6,1559.3,1564.35,1722.1,1271.6,1583.6,1623.7769999999991,1583.6,1623.7769999999991,Hold,,
173,HDFCBANK,2023-03-15,1578.0,1582.9,1536.6,1541.9,1722.1,1271.6,1582.9,1621.827999999999,1582.9,1621.827999999999,Hold,,
174,HDFCBANK,2023-03-16,1539.0,1559.1,1532.05,1551.9,1722.1,1271.6,1559.1,1620.6649999999988,1559.1,1620.6649999999988,Hold,,
175,HDFCBANK,2023-03-17,1557.5,1579.2,1540.0,1572.65,1722.1,1271.6,1579.2,1620.123999999999,1579.2,1620.123999999999,Hold,,
176,HDFCBANK,2023-03-20,1567.95,1568.1,1545.4,1561.75,1722.1,1271.6,1568.1,1619.4709999999989,1568.1,1619.4709999999989,Hold,,
177,HDFCBANK,2023-03-21,1571.95,1582.5,1556.2,1579.45,1722.1,1271.6,1582.5,1619.1099999999988,1582.5,1619.1099999999988,Hold,,
178,HDFCBANK,2023-03-22,1584.0,1586.05,1565.3,1575.8,1722.1,1271.6,1586.05,1619.2599999999989,1586.05,1619.2599999999989,Hold,,
179,HDFCBANK,2023-03-23,1567.75,1590.35,1558.55,1563.15,1722.1,1271.6,1590.35,1618.7049999999988,1590.35,1618.7049999999988,Hold,,
180,HDFCBANK,2023-03-24,1560.0,1573.9,1554.95,1560.65,1722.1,1271.6,1573.9,1617.929999999999,1573.9,1617.929999999999,Hold,,
181,HDFCBANK,2023-03-27,1562.2,1579.45,1558.9,1567.45,1722.1,1271.6,1579.45,1617.265999999999,1579.45,1617.265999999999,Hold,,
182,HDFCBANK,2023-03-28,1565.7,1582.9,1564.1,1580.2,1722.1,1271.6,1582.9,1617.1639999999989,1582.9,1617.1639999999989,Hold,,
183,HDFCBANK,2023-03-29,1584.0,1602.0,1581.9,1587.8,1722.1,1271.6,1602.0,1616.741999999999,1602.0,1616.741999999999,Hold,,
184,HDFCBANK,2023-03-31,1595.6,1612.95,1592.4,1609.55,1722.1,1271.6,1612.95,1616.186999999999,1612.95,1616.186999999999,Hold,,
185,HDFCBANK,2023-04-03,1607.55,1615.7,1602.75,1610.55,1722.1,1271.6,1615.7,1615.515999999999,1615.7,1615.515999999999,Buy,,8447.6
186,HDFCBANK,2023-04-05,1618.6,1656.0,1616.0,1653.75,1722.1,1271.6,1656.0,1615.371999999999,1656.0,1615.371999999999,Hold,,
187,HDFCBANK,2023-04-06,1648.55,1669.2,1647.1,1666.35,1722.1,1271.6,1669.2,1615.236999999999,1669.2,1615.236999999999,Hold,,
188,HDFCBANK,2023-04-10,1663.25,1671.0,1654.0,1658.45,1702.4,1271.6,1671.0,1614.495999999999,1671.0,1614.495999999999,Hold,,
189,HDFCBANK,2023-04-11,1659.0,1669.4,1651.1,1663.3,1702.4,1271.6,1669.4,1614.788999999999,1669.4,1614.788999999999,Hold,,
190,HDFCBANK,2023-04-12,1668.0,1688.2,1667.8,1684.9,1702.4,1271.6,1688.2,1616.170999999999,1688.2,1616.170999999999,Hold,,
191,HDFCBANK,2023-04-13,1688.3,1697.05,1678.15,1692.45,1702.4,1271.6,1697.05,1617.736999999999,1697.05,1617.736999999999,Hold,,
192,HDFCBANK,2023-04-17,1720.0,1720.0,1653.3,1666.65,1720.0,1271.6,1720.0,1618.9999999999989,1720.0,1618.9999999999989,Hold,,
193,HDFCBANK,2023-04-18,1670.0,1677.25,1656.4,1659.6,1720.0,1271.6,1677.25,1619.640999999999,1677.25,1619.640999999999,Hold,,
194,HDFCBANK,2023-04-19,1665.0,1670.3,1657.15,1665.7,1720.0,1271.6,1670.3,1620.8879999999988,1670.3,1620.8879999999988,Hold,,
195,HDFCBANK,2023-04-20,1671.7,1677.45,1666.4,1671.9,1720.0,1271.6,1677.45,1621.1499999999985,1677.45,1621.1499999999985,Hold,,
196,HDFCBANK,2023-04-21,1669.0,1676.95,1663.25,1674.6,1720.0,1271.6,1676.95,1621.6069999999986,1676.95,1621.6069999999986,Hold,,
197,HDFCBANK,2023-04-24,1687.0,1691.45,1674.1,1688.15,1720.0,1271.6,1691.45,1622.2859999999987,1691.45,1622.2859999999987,Hold,,
198,HDFCBANK,2023-04-25,1687.7,1687.7,1661.9,1664.15,1720.0,1271.6,1687.7,1622.4889999999984,1687.7,1622.4889999999984,Hold,,
199,HDFCBANK,2023-04-26,1660.0,1675.0,1655.0,1671.8,1720.0,1271.6,1675.0,1622.9139999999984,1675.0,1622.9139999999984,Sell,Last Index Sell,10119.4
